{"stats":{"minecraft:custom":{"minecraft:mob_kills":87,"minecraft:interact_with_crafting_table":32,"minecraft:leave_game":7,"minecraft:time_since_death":240908,"minecraft:climb_one_cm":43231,"minecraft:sprint_one_cm":953561,"minecraft:walk_one_cm":642800,"minecraft:damage_blocked_by_shield":5395,"minecraft:drop":40,"minecraft:talked_to_villager":7,"minecraft:play_time":419943,"minecraft:deaths":12,"minecraft:sneak_time":8910,"minecraft:walk_under_water_one_cm":60174,"minecraft:boat_one_cm":609849,"minecraft:jump":2778,"minecraft:interact_with_brewingstand":2,"minecraft:interact_with_blast_furnace":12,"minecraft:walk_on_water_one_cm":62011,"minecraft:total_world_time":419943,"minecraft:interact_with_furnace":76,"minecraft:sleep_in_bed":12,"minecraft:time_since_rest":115017,"minecraft:damage_taken":6382,"minecraft:damage_dealt":12958,"minecraft:swim_one_cm":26850,"minecraft:fly_one_cm":394263,"minecraft:player_kills":1,"minecraft:open_chest":151,"minecraft:crouch_one_cm":26434,"minecraft:interact_with_smoker":4,"minecraft:fall_one_cm":49814,"minecraft:horse_one_cm":214700},"minecraft:killed_by":{"minecraft:player":1,"minecraft:enderman":1,"minecraft:skeleton":3,"minecraft:witch":1,"minecraft:zombie":6},"minecraft:used":{"minecraft:oak_fence":1,"minecraft:stone_sword":65,"minecraft:enchanting_table":1,"minecraft:iron_shovel":250,"minecraft:ladder":1,"minecraft:shield":93,"minecraft:iron_sword":210,"minecraft:cooked_chicken":17,"minecraft:rotten_flesh":26,"minecraft:torch":29,"minecraft:dirt":3,"minecraft:wooden_axe":2,"minecraft:lava_bucket":1,"minecraft:iron_axe":363,"minecraft:birch_sapling":1,"minecraft:iron_boots":1,"minecraft:oak_sapling":10,"minecraft:furnace":1,"minecraft:cooked_beef":16,"minecraft:cobbled_deepslate":3,"minecraft:water_bucket":5,"minecraft:baked_potato":5,"minecraft:stone_pickaxe":3,"minecraft:oak_planks":70,"minecraft:wooden_pickaxe":12,"minecraft:crafting_table":4,"minecraft:diamond_pickaxe":2,"minecraft:apple":5,"minecraft:iron_pickaxe":230,"minecraft:bread":1,"minecraft:diamond_sword":116,"minecraft:wooden_sword":4,"minecraft:cooked_porkchop":10,"minecraft:bucket":7,"minecraft:oak_boat":2},"minecraft:picked_up":{"minecraft:wooden_axe":2,"minecraft:crafting_table":1,"minecraft:chicken":19,"minecraft:ladder":9,"minecraft:chest_minecart":1,"minecraft:shield":1,"minecraft:amethyst_block":45,"minecraft:shroomlight":3,"minecraft:cobbled_deepslate":12,"minecraft:beef":11,"minecraft:oak_boat":1,"minecraft:written_book":2,"minecraft:sugar_cane":15,"minecraft:birch_sapling":1,"minecraft:egg":1,"minecraft:stick":35,"minecraft:raw_iron":34,"minecraft:oak_fence":1,"minecraft:torch":1,"minecraft:porkchop":7,"minecraft:redstone":41,"minecraft:stone_sword":3,"minecraft:arrow":8,"minecraft:rotten_flesh":25,"minecraft:obsidian":2,"minecraft:rail":5,"minecraft:cobblestone":33,"minecraft:leather_chestplate":1,"minecraft:feather":23,"minecraft:cooked_beef":7,"minecraft:andesite":2,"minecraft:leather":9,"minecraft:birch_planks":1,"minecraft:tuff":2,"minecraft:oak_log":455,"minecraft:gunpowder":8,"minecraft:lapis_lazuli":118,"minecraft:dirt":29,"minecraft:bone":11,"minecraft:apple":3,"minecraft:bow":1,"minecraft:wheat_seeds":2,"minecraft:raw_gold":4,"minecraft:iron_ingot":3,"minecraft:fletching_table":1,"minecraft:oak_planks":202,"minecraft:cooked_porkchop":1,"minecraft:amethyst_shard":6,"minecraft:sand":247,"minecraft:jungle_slab":2,"minecraft:diamond":10,"minecraft:stone_axe":1,"minecraft:granite":1,"minecraft:bread":3,"minecraft:baked_potato":10,"minecraft:oak_sapling":10,"minecraft:coal":11,"minecraft:ender_pearl":1},"minecraft:dropped":{"minecraft:bread":2,"minecraft:oak_log":298,"minecraft:baked_potato":5,"minecraft:oak_fence":69,"minecraft:feather":2,"minecraft:jungle_slab":2,"minecraft:wooden_axe":2,"minecraft:iron_axe":1,"minecraft:iron_shovel":1,"minecraft:bone":2,"minecraft:stone_axe":1,"minecraft:stone_sword":2,"minecraft:oak_planks":248,"minecraft:recovery_compass":2,"minecraft:arrow":3,"minecraft:wooden_pickaxe":1,"minecraft:glass":109,"minecraft:written_book":2},"minecraft:crafted":{"minecraft:wooden_sword":1,"minecraft:oak_planks":628,"minecraft:cooked_chicken":18,"minecraft:furnace":1,"minecraft:glass":56,"minecraft:iron_boots":1,"minecraft:iron_axe":2,"minecraft:stone_pickaxe":1,"minecraft:oak_fence":69,"minecraft:cooked_beef":10,"minecraft:diamond_sword":1,"minecraft:cooked_porkchop":6,"minecraft:crafting_table":3,"minecraft:enchanting_table":1,"minecraft:wooden_pickaxe":1,"minecraft:iron_helmet":1,"minecraft:iron_sword":1,"minecraft:bucket":1,"minecraft:stone_axe":1,"minecraft:air":0,"minecraft:oak_boat":1,"minecraft:iron_chestplate":1,"minecraft:book":1,"minecraft:paper":3,"minecraft:diamond_pickaxe":1,"minecraft:golden_apple":1,"minecraft:shield":2,"minecraft:stick":92,"minecraft:iron_ingot":30,"minecraft:iron_pickaxe":1,"minecraft:wooden_axe":1,"minecraft:iron_leggings":1,"minecraft:iron_shovel":2,"minecraft:gold_ingot":9,"minecraft:torch":28},"minecraft:mined":{"minecraft:large_amethyst_bud":3,"minecraft:tuff":2,"minecraft:deepslate_diamond_ore":10,"minecraft:jungle_slab":2,"minecraft:obsidian":2,"minecraft:budding_amethyst":3,"minecraft:grass_block":1,"minecraft:iron_ore":10,"minecraft:andesite":2,"minecraft:deepslate_lapis_ore":14,"minecraft:deepslate_iron_ore":23,"minecraft:shroomlight":3,"minecraft:small_amethyst_bud":3,"minecraft:stone":15,"minecraft:deepslate_redstone_ore":15,"minecraft:medium_amethyst_bud":5,"minecraft:amethyst_cluster":1,"minecraft:crafting_table":1,"minecraft:short_grass":24,"minecraft:tall_grass":2,"minecraft:cobblestone":15,"minecraft:lapis_ore":5,"minecraft:deepslate_gold_ore":2,"minecraft:sugar_cane":3,"minecraft:oak_planks":1,"minecraft:amethyst_block":46,"minecraft:ice":48,"minecraft:oak_log":339,"minecraft:coal_ore":9,"minecraft:sand":250,"minecraft:dirt":2,"minecraft:gold_ore":1,"minecraft:oak_leaves":40,"minecraft:deepslate":7},"minecraft:killed":{"minecraft:spider":2,"minecraft:skeleton":12,"minecraft:chicken":18,"minecraft:pig":6,"minecraft:zombie_villager":1,"minecraft:creeper":4,"minecraft:zombie":30,"minecraft:cow":6,"minecraft:enderman":1},"minecraft:broken":{"minecraft:iron_shovel":1,"minecraft:shield":1,"minecraft:iron_axe":1,"minecraft:wooden_sword":1}},"DataVersion":3700}