{"stats":{"minecraft:killed_by":{"minecraft:ghast":1,"minecraft:player":1,"minecraft:wither_skeleton":1,"minecraft:enderman":1,"minecraft:magma_cube":2,"minecraft:piglin":1,"minecraft:skeleton":4,"minecraft:blaze":1,"minecraft:witch":1,"minecraft:zombie":6},"minecraft:killed":{"minecraft:spider":2,"minecraft:skeleton":16,"minecraft:chicken":19,"minecraft:magma_cube":17,"minecraft:pig":6,"minecraft:zombie_villager":1,"minecraft:hoglin":5,"minecraft:creeper":5,"minecraft:zombie":33,"minecraft:wither_skeleton":6,"minecraft:blaze":5,"minecraft:cow":6,"minecraft:enderman":1},"minecraft:used":{"minecraft:oak_fence":1,"minecraft:stone_sword":65,"minecraft:enchanting_table":1,"minecraft:iron_shovel":250,"minecraft:ladder":1,"minecraft:chest":2,"minecraft:shield":152,"minecraft:iron_sword":210,"minecraft:cooked_chicken":18,"minecraft:rotten_flesh":26,"minecraft:netherrack":106,"minecraft:iron_chestplate":1,"minecraft:torch":29,"minecraft:dirt":3,"minecraft:nether_bricks":12,"minecraft:wooden_axe":2,"minecraft:lava_bucket":1,"minecraft:iron_axe":363,"minecraft:birch_sapling":1,"minecraft:iron_helmet":2,"minecraft:iron_boots":1,"minecraft:crimson_planks":1,"minecraft:basalt":18,"minecraft:oak_sapling":10,"minecraft:furnace":1,"minecraft:egg":1,"minecraft:cooked_beef":44,"minecraft:cobbled_deepslate":3,"minecraft:water_bucket":5,"minecraft:birch_planks":4,"minecraft:baked_potato":5,"minecraft:oak_planks":91,"minecraft:stone_pickaxe":3,"minecraft:blackstone":6,"minecraft:wooden_pickaxe":12,"minecraft:crafting_table":4,"minecraft:diamond_pickaxe":3003,"minecraft:apple":5,"minecraft:iron_pickaxe":251,"minecraft:bread":1,"minecraft:fishing_rod":22,"minecraft:diamond_sword":267,"minecraft:wooden_sword":4,"minecraft:cobblestone":49,"minecraft:cooked_porkchop":25,"minecraft:bucket":7,"minecraft:oak_boat":2},"minecraft:broken":{"minecraft:iron_shovel":1,"minecraft:iron_boots":1,"minecraft:iron_leggings":1,"minecraft:shield":3,"minecraft:diamond_pickaxe":1,"minecraft:iron_axe":1,"minecraft:wooden_sword":1,"minecraft:iron_pickaxe":1,"minecraft:iron_helmet":1,"minecraft:golden_chestplate":1},"minecraft:crafted":{"minecraft:wooden_sword":1,"minecraft:oak_planks":632,"minecraft:cooked_chicken":18,"minecraft:furnace":1,"minecraft:glass":56,"minecraft:iron_boots":1,"minecraft:iron_axe":2,"minecraft:stone_pickaxe":1,"minecraft:chest":2,"minecraft:oak_fence":69,"minecraft:cooked_beef":52,"minecraft:diamond_sword":1,"minecraft:cooked_porkchop":21,"minecraft:crafting_table":3,"minecraft:enchanting_table":1,"minecraft:wooden_pickaxe":1,"minecraft:iron_helmet":2,"minecraft:iron_sword":1,"minecraft:bucket":1,"minecraft:stone_axe":1,"minecraft:air":0,"minecraft:oak_boat":1,"minecraft:iron_chestplate":1,"minecraft:book":1,"minecraft:paper":3,"minecraft:diamond_pickaxe":3,"minecraft:golden_apple":1,"minecraft:shield":4,"minecraft:stick":92,"minecraft:iron_ingot":40,"minecraft:iron_pickaxe":1,"minecraft:wooden_axe":1,"minecraft:iron_shovel":2,"minecraft:iron_leggings":1,"minecraft:gold_ingot":11,"minecraft:white_bed":2,"minecraft:torch":120},"minecraft:mined":{"minecraft:nether_gold_ore":3,"minecraft:large_amethyst_bud":3,"minecraft:tuff":2,"minecraft:white_bed":1,"minecraft:deepslate_diamond_ore":10,"minecraft:jungle_slab":2,"minecraft:obsidian":2,"minecraft:nether_bricks":24,"minecraft:budding_amethyst":3,"minecraft:grass_block":1,"minecraft:crimson_roots":5,"minecraft:weeping_vines":1,"minecraft:crimson_fungus":1,"minecraft:weeping_vines_plant":1,"minecraft:glowstone":20,"minecraft:fire":13,"minecraft:iron_ore":10,"minecraft:andesite":2,"minecraft:deepslate_lapis_ore":14,"minecraft:nether_brick_fence":1,"minecraft:deepslate_iron_ore":23,"minecraft:shroomlight":4,"minecraft:small_amethyst_bud":3,"minecraft:stone":15,"minecraft:deepslate_redstone_ore":15,"minecraft:blackstone":139,"minecraft:crimson_nylium":4,"minecraft:medium_amethyst_bud":5,"minecraft:amethyst_cluster":1,"minecraft:basalt":342,"minecraft:crafting_table":1,"minecraft:short_grass":24,"minecraft:nether_quartz_ore":470,"minecraft:tall_grass":2,"minecraft:cobblestone":25,"minecraft:lapis_ore":5,"minecraft:deepslate_gold_ore":2,"minecraft:sugar_cane":3,"minecraft:oak_planks":1,"minecraft:amethyst_block":46,"minecraft:nether_wart_block":1,"minecraft:ice":48,"minecraft:oak_log":339,"minecraft:coal_ore":9,"minecraft:sand":250,"minecraft:dirt":2,"minecraft:crimson_planks":3,"minecraft:ancient_debris":7,"minecraft:netherrack":1992,"minecraft:gold_ore":1,"minecraft:oak_leaves":40,"minecraft:deepslate":7},"minecraft:dropped":{"minecraft:bread":2,"minecraft:porkchop":6,"minecraft:oak_log":298,"minecraft:baked_potato":5,"minecraft:oak_fence":69,"minecraft:feather":2,"minecraft:coal":1,"minecraft:jungle_slab":2,"minecraft:torch":1,"minecraft:crimson_roots":3,"minecraft:nether_wart_block":1,"minecraft:wooden_axe":2,"minecraft:iron_axe":1,"minecraft:iron_shovel":1,"minecraft:blue_bed":2,"minecraft:bone":11,"minecraft:gravel":1,"minecraft:stone_axe":1,"minecraft:blackstone":64,"minecraft:stone_sword":2,"minecraft:chicken":1,"minecraft:oak_planks":248,"minecraft:nether_bricks":12,"minecraft:white_bed":3,"minecraft:recovery_compass":6,"minecraft:golden_leggings":1,"minecraft:arrow":7,"minecraft:wooden_pickaxe":1,"minecraft:glass":109,"minecraft:netherrack":576,"minecraft:quartz":192,"minecraft:written_book":8,"minecraft:egg":2},"minecraft:custom":{"minecraft:interact_with_smithing_table":1,"minecraft:mob_kills":131,"minecraft:interact_with_crafting_table":52,"minecraft:leave_game":9,"minecraft:time_since_death":983,"minecraft:climb_one_cm":50526,"minecraft:sprint_one_cm":1373958,"minecraft:walk_one_cm":1105308,"minecraft:damage_blocked_by_shield":10374,"minecraft:drop":90,"minecraft:talked_to_villager":7,"minecraft:play_time":624252,"minecraft:deaths":23,"minecraft:sneak_time":15452,"minecraft:walk_under_water_one_cm":60174,"minecraft:boat_one_cm":609849,"minecraft:jump":3735,"minecraft:interact_with_brewingstand":2,"minecraft:interact_with_blast_furnace":14,"minecraft:walk_on_water_one_cm":62011,"minecraft:total_world_time":624252,"minecraft:interact_with_furnace":95,"minecraft:sleep_in_bed":14,"minecraft:time_since_rest":1093,"minecraft:damage_taken":12589,"minecraft:damage_dealt":19489,"minecraft:swim_one_cm":26850,"minecraft:player_kills":1,"minecraft:fly_one_cm":499180,"minecraft:open_chest":236,"minecraft:crouch_one_cm":52861,"minecraft:interact_with_smoker":10,"minecraft:fish_caught":16,"minecraft:fall_one_cm":66888,"minecraft:horse_one_cm":214700},"minecraft:picked_up":{"minecraft:wooden_axe":2,"minecraft:crafting_table":1,"minecraft:chicken":20,"minecraft:ladder":9,"minecraft:chest_minecart":1,"minecraft:gold_block":1,"minecraft:potion":1,"minecraft:crimson_planks":3,"minecraft:shield":1,"minecraft:amethyst_block":45,"minecraft:pufferfish":4,"minecraft:blackstone":80,"minecraft:shroomlight":3,"minecraft:gold_nugget":9,"minecraft:cobbled_deepslate":12,"minecraft:beef":11,"minecraft:oak_boat":1,"minecraft:cobblestone_slab":2,"minecraft:written_book":3,"minecraft:sugar_cane":15,"minecraft:birch_sapling":1,"minecraft:egg":4,"minecraft:stick":35,"minecraft:raw_iron":34,"minecraft:oak_fence":1,"minecraft:torch":3,"minecraft:porkchop":34,"minecraft:redstone":41,"minecraft:golden_chestplate":1,"minecraft:weeping_vines":1,"minecraft:stone_sword":7,"minecraft:arrow":12,"minecraft:rotten_flesh":27,"minecraft:nether_bricks":24,"minecraft:saddle":1,"minecraft:gold_ingot":7,"minecraft:blaze_rod":8,"minecraft:obsidian":2,"minecraft:cod":7,"minecraft:rail":5,"minecraft:cobblestone":41,"minecraft:magma_block":9,"minecraft:basalt":109,"minecraft:leather_chestplate":1,"minecraft:feather":23,"minecraft:cooked_beef":7,"minecraft:magma_cream":24,"minecraft:andesite":2,"minecraft:salmon":5,"minecraft:leather":14,"minecraft:golden_leggings":1,"minecraft:birch_planks":1,"minecraft:crimson_fungus":1,"minecraft:tuff":2,"minecraft:oak_log":456,"minecraft:ancient_debris":7,"minecraft:nether_wart_block":1,"minecraft:gunpowder":9,"minecraft:wither_skeleton_skull":1,"minecraft:lapis_lazuli":118,"minecraft:dirt":29,"minecraft:bone":34,"minecraft:apple":3,"minecraft:bow":3,"minecraft:wheat_seeds":2,"minecraft:raw_gold":4,"minecraft:iron_ingot":3,"minecraft:fletching_table":1,"minecraft:glowstone_dust":65,"minecraft:oak_planks":202,"minecraft:cooked_porkchop":1,"minecraft:quartz":694,"minecraft:gravel":1,"minecraft:sand":247,"minecraft:amethyst_shard":6,"minecraft:white_bed":1,"minecraft:jungle_slab":2,"minecraft:diamond":10,"minecraft:stone_axe":1,"minecraft:granite":1,"minecraft:bread":3,"minecraft:oak_sapling":10,"minecraft:baked_potato":10,"minecraft:netherrack":1371,"minecraft:coal":13,"minecraft:crimson_roots":6,"minecraft:ender_pearl":3}},"DataVersion":3700}