{"stats":{"minecraft:custom":{"minecraft:mob_kills":23,"minecraft:interact_with_crafting_table":61,"minecraft:open_barrel":12,"minecraft:leave_game":14,"minecraft:time_since_death":16174,"minecraft:climb_one_cm":32997,"minecraft:sprint_one_cm":443369,"minecraft:walk_one_cm":946625,"minecraft:damage_blocked_by_shield":735,"minecraft:drop":32,"minecraft:talked_to_villager":2,"minecraft:play_time":313919,"minecraft:deaths":3,"minecraft:sneak_time":1320,"minecraft:walk_under_water_one_cm":9827,"minecraft:jump":2062,"minecraft:walk_on_water_one_cm":13107,"minecraft:total_world_time":313919,"minecraft:interact_with_furnace":49,"minecraft:sleep_in_bed":7,"minecraft:time_since_rest":3373,"minecraft:damage_taken":1281,"minecraft:damage_dealt":3614,"minecraft:swim_one_cm":7175,"minecraft:fly_one_cm":270540,"minecraft:open_chest":74,"minecraft:crouch_one_cm":4410,"minecraft:fall_one_cm":20734},"minecraft:used":{"minecraft:stone_sword":22,"minecraft:iron_shovel":66,"minecraft:armor_stand":1,"minecraft:stone_shovel":192,"minecraft:ladder":8,"minecraft:chest":5,"minecraft:shield":16,"minecraft:iron_sword":24,"minecraft:cooked_chicken":1,"minecraft:torch":16,"minecraft:dirt":88,"minecraft:carrot":122,"minecraft:tuff":7,"minecraft:granite":4,"minecraft:birch_door":1,"minecraft:iron_hoe":90,"minecraft:lantern":16,"minecraft:iron_axe":35,"minecraft:barrel":2,"minecraft:golden_carrot":2,"minecraft:oak_sapling":2,"minecraft:furnace":4,"minecraft:beetroot_seeds":6,"minecraft:cooked_beef":4,"minecraft:cobbled_deepslate":16,"minecraft:iron_leggings":1,"minecraft:wheat_seeds":142,"minecraft:water_bucket":10,"minecraft:birch_planks":392,"minecraft:stone_pickaxe":131,"minecraft:oak_planks":282,"minecraft:wooden_pickaxe":15,"minecraft:diamond_axe":2,"minecraft:crafting_table":8,"minecraft:diamond_pickaxe":489,"minecraft:bread":7,"minecraft:iron_pickaxe":875,"minecraft:stone_axe":67,"minecraft:diamond_sword":7,"minecraft:cobblestone":75,"minecraft:andesite":1,"minecraft:bucket":10,"minecraft:glass_pane":180,"minecraft:bone_meal":3,"minecraft:diamond_leggings":2},"minecraft:killed_by":{"minecraft:skeleton":2},"minecraft:mined":{"minecraft:tuff":59,"minecraft:farmland":3,"minecraft:deepslate_diamond_ore":65,"minecraft:granite":33,"minecraft:nether_bricks":2,"minecraft:grass_block":135,"minecraft:carrots":68,"minecraft:iron_ore":167,"minecraft:cobbled_deepslate":1,"minecraft:andesite":56,"minecraft:deepslate_lapis_ore":5,"minecraft:deepslate_iron_ore":3,"minecraft:lantern":6,"minecraft:stone":542,"minecraft:glass_pane":2,"minecraft:dandelion":6,"minecraft:crafting_table":2,"minecraft:torch":6,"minecraft:short_grass":161,"minecraft:cobblestone":7,"minecraft:copper_ore":1,"minecraft:tall_grass":3,"minecraft:deepslate_gold_ore":45,"minecraft:lapis_ore":10,"minecraft:oak_planks":46,"minecraft:diorite":33,"minecraft:wall_torch":6,"minecraft:birch_planks":17,"minecraft:birch_log":5,"minecraft:wheat":104,"minecraft:coal_ore":59,"minecraft:beetroots":6,"minecraft:gravel":3,"minecraft:sand":131,"minecraft:dirt":12,"minecraft:cobweb":1,"minecraft:gold_ore":34,"minecraft:oak_leaves":19,"minecraft:deepslate":373},"minecraft:crafted":{"minecraft:golden_carrot":73,"minecraft:smooth_stone":3,"minecraft:oak_planks":476,"minecraft:stone_shovel":2,"minecraft:barrel":2,"minecraft:smooth_stone_slab":6,"minecraft:iron_nugget":81,"minecraft:cooked_chicken":1,"minecraft:birch_slab":6,"minecraft:furnace":4,"minecraft:stone":3,"minecraft:bone_meal":3,"minecraft:glass_pane":240,"minecraft:glass":130,"minecraft:lantern":10,"minecraft:iron_boots":1,"minecraft:diamond_leggings":1,"minecraft:iron_axe":1,"minecraft:ladder":12,"minecraft:iron_hoe":1,"minecraft:stone_pickaxe":1,"minecraft:chest":5,"minecraft:birch_door":3,"minecraft:cooked_beef":4,"minecraft:diamond_sword":1,"minecraft:diamond_axe":1,"minecraft:crafting_table":6,"minecraft:wooden_pickaxe":1,"minecraft:iron_helmet":1,"minecraft:iron_sword":1,"minecraft:bucket":1,"minecraft:birch_planks":500,"minecraft:stone_axe":2,"minecraft:bread":9,"minecraft:air":0,"minecraft:iron_chestplate":1,"minecraft:diamond_pickaxe":1,"minecraft:gold_nugget":594,"minecraft:shield":1,"minecraft:stick":80,"minecraft:iron_ingot":159,"minecraft:iron_pickaxe":4,"minecraft:stone_sword":1,"minecraft:iron_leggings":1,"minecraft:iron_shovel":1,"minecraft:gold_ingot":70,"minecraft:armor_stand":1,"minecraft:torch":16,"minecraft:diamond_chestplate":1},"minecraft:dropped":{"minecraft:feather":2,"minecraft:cobblestone":2,"minecraft:granite":13,"minecraft:stick":2,"minecraft:diorite":9,"minecraft:string":1,"minecraft:dandelion":6,"minecraft:gravel":1,"minecraft:cobbled_deepslate":209,"minecraft:raw_copper":4,"minecraft:stone_shovel":1,"minecraft:andesite":38,"minecraft:wooden_pickaxe":1,"minecraft:written_book":9},"minecraft:killed":{"minecraft:spider":2,"minecraft:skeleton":3,"minecraft:chicken":1,"minecraft:creeper":1,"minecraft:zombie":13,"minecraft:cow":2},"minecraft:broken":{"minecraft:stone_pickaxe":1,"minecraft:iron_pickaxe":3},"minecraft:picked_up":{"minecraft:crafting_table":2,"minecraft:wheat":103,"minecraft:chicken":1,"minecraft:lead":2,"minecraft:string":4,"minecraft:raw_copper":4,"minecraft:beetroot":6,"minecraft:cobbled_deepslate":371,"minecraft:beef":4,"minecraft:birch_sapling":2,"minecraft:stick":1,"minecraft:raw_iron":170,"minecraft:torch":11,"minecraft:diorite":33,"minecraft:carrot":236,"minecraft:arrow":2,"minecraft:rotten_flesh":11,"minecraft:beetroot_seeds":14,"minecraft:nether_bricks":2,"minecraft:cobblestone":543,"minecraft:birch_log":131,"minecraft:feather":2,"minecraft:andesite":56,"minecraft:leather":2,"minecraft:birch_planks":17,"minecraft:tuff":59,"minecraft:oak_log":149,"minecraft:gunpowder":2,"minecraft:lapis_lazuli":93,"minecraft:dirt":149,"minecraft:lantern":6,"minecraft:bone":2,"minecraft:bow":1,"minecraft:wheat_seeds":302,"minecraft:raw_gold":77,"minecraft:oak_planks":45,"minecraft:dandelion":6,"minecraft:gravel":14,"minecraft:sand":131,"minecraft:spider_eye":1,"minecraft:diamond":65,"minecraft:granite":33,"minecraft:oak_sapling":2,"minecraft:coal":58}},"DataVersion":3700}