{"stats":{"minecraft:mined":{"minecraft:farmland":3,"minecraft:glass_pane":2,"minecraft:dandelion":6,"minecraft:crafting_table":2,"minecraft:torch":7,"minecraft:granite":21,"minecraft:short_grass":160,"minecraft:grass_block":135,"minecraft:tall_grass":3,"minecraft:cobblestone":24,"minecraft:lapis_ore":10,"minecraft:oak_planks":46,"minecraft:diorite":24,"minecraft:wall_torch":5,"minecraft:birch_planks":17,"minecraft:carrots":31,"minecraft:birch_log":5,"minecraft:iron_ore":152,"minecraft:wheat":69,"minecraft:andesite":18,"minecraft:coal_ore":39,"minecraft:beetroots":6,"minecraft:lantern":6,"minecraft:gravel":2,"minecraft:sand":131,"minecraft:dirt":12,"minecraft:cobweb":1,"minecraft:stone":419,"minecraft:oak_leaves":15},"minecraft:crafted":{"minecraft:cooked_beef":4,"minecraft:oak_planks":440,"minecraft:stone_shovel":2,"minecraft:barrel":2,"minecraft:crafting_table":5,"minecraft:iron_nugget":81,"minecraft:wooden_pickaxe":1,"minecraft:cooked_chicken":1,"minecraft:iron_helmet":1,"minecraft:iron_sword":1,"minecraft:birch_slab":6,"minecraft:furnace":3,"minecraft:bone_meal":3,"minecraft:bucket":1,"minecraft:birch_planks":500,"minecraft:stone_axe":2,"minecraft:bread":9,"minecraft:air":0,"minecraft:glass_pane":240,"minecraft:glass":96,"minecraft:lantern":10,"minecraft:iron_chestplate":1,"minecraft:iron_boots":1,"minecraft:shield":1,"minecraft:iron_axe":1,"minecraft:ladder":12,"minecraft:iron_hoe":1,"minecraft:stick":64,"minecraft:iron_ingot":134,"minecraft:iron_pickaxe":3,"minecraft:stone_pickaxe":1,"minecraft:stone_sword":1,"minecraft:chest":5,"minecraft:iron_shovel":1,"minecraft:iron_leggings":1,"minecraft:birch_door":3,"minecraft:torch":16},"minecraft:custom":{"minecraft:interact_with_furnace":32,"minecraft:mob_kills":23,"minecraft:interact_with_crafting_table":50,"minecraft:open_barrel":7,"minecraft:leave_game":7,"minecraft:time_since_death":216724,"minecraft:sleep_in_bed":6,"minecraft:climb_one_cm":25688,"minecraft:time_since_rest":14062,"minecraft:sprint_one_cm":362751,"minecraft:damage_taken":1272,"minecraft:walk_one_cm":789353,"minecraft:damage_blocked_by_shield":1156,"minecraft:drop":14,"minecraft:damage_dealt":3689,"minecraft:swim_one_cm":5316,"minecraft:talked_to_villager":2,"minecraft:fly_one_cm":199048,"minecraft:open_chest":44,"minecraft:crouch_one_cm":3045,"minecraft:play_time":246840,"minecraft:deaths":2,"minecraft:sneak_time":787,"minecraft:walk_under_water_one_cm":4640,"minecraft:jump":1471,"minecraft:walk_on_water_one_cm":9175,"minecraft:total_world_time":246840,"minecraft:fall_one_cm":17330},"minecraft:used":{"minecraft:wheat_seeds":107,"minecraft:water_bucket":10,"minecraft:stone_sword":22,"minecraft:iron_shovel":66,"minecraft:birch_planks":392,"minecraft:stone_shovel":192,"minecraft:stone_pickaxe":131,"minecraft:ladder":8,"minecraft:oak_planks":282,"minecraft:wooden_pickaxe":15,"minecraft:chest":5,"minecraft:shield":22,"minecraft:iron_sword":33,"minecraft:cooked_chicken":1,"minecraft:torch":14,"minecraft:dirt":88,"minecraft:crafting_table":6,"minecraft:carrot":84,"minecraft:birch_door":1,"minecraft:iron_hoe":90,"minecraft:bread":7,"minecraft:lantern":16,"minecraft:iron_axe":35,"minecraft:iron_pickaxe":575,"minecraft:barrel":2,"minecraft:stone_axe":67,"minecraft:cobblestone":91,"minecraft:furnace":3,"minecraft:oak_sapling":1,"minecraft:beetroot_seeds":6,"minecraft:bucket":10,"minecraft:andesite":1,"minecraft:glass_pane":180,"minecraft:cooked_beef":4,"minecraft:bone_meal":3},"minecraft:picked_up":{"minecraft:birch_log":125,"minecraft:crafting_table":2,"minecraft:wheat":68,"minecraft:feather":2,"minecraft:chicken":1,"minecraft:andesite":18,"minecraft:leather":2,"minecraft:lead":2,"minecraft:birch_planks":17,"minecraft:oak_log":119,"minecraft:gunpowder":2,"minecraft:lapis_lazuli":64,"minecraft:dirt":149,"minecraft:string":5,"minecraft:lantern":6,"minecraft:bone":4,"minecraft:beetroot":6,"minecraft:bow":1,"minecraft:wheat_seeds":206,"minecraft:beef":4,"minecraft:birch_sapling":2,"minecraft:oak_planks":45,"minecraft:stick":1,"minecraft:raw_iron":152,"minecraft:torch":11,"minecraft:dandelion":6,"minecraft:gravel":13,"minecraft:sand":131,"minecraft:diorite":24,"minecraft:carrot":104,"minecraft:spider_eye":2,"minecraft:arrow":4,"minecraft:rotten_flesh":13,"minecraft:beetroot_seeds":14,"minecraft:granite":21,"minecraft:oak_sapling":1,"minecraft:coal":38,"minecraft:cobblestone":439},"minecraft:killed_by":{"minecraft:skeleton":2},"minecraft:killed":{"minecraft:spider":3,"minecraft:creeper":1,"minecraft:skeleton":4,"minecraft:zombie":11,"minecraft:chicken":1,"minecraft:cow":2},"minecraft:dropped":{"minecraft:stone_shovel":1,"minecraft:feather":2,"minecraft:granite":6,"minecraft:stick":2,"minecraft:wooden_pickaxe":1,"minecraft:string":1,"minecraft:written_book":2,"minecraft:dandelion":6},"minecraft:broken":{"minecraft:stone_pickaxe":1,"minecraft:iron_pickaxe":2}},"DataVersion":3700}