{"stats":{"minecraft:dropped":{"minecraft:lapis_lazuli":64,"minecraft:cooked_beef":6,"minecraft:golden_pickaxe":1,"minecraft:glass_bottle":1,"minecraft:cooked_porkchop":1,"minecraft:dirt":1,"minecraft:cornflower":8,"minecraft:snowball":16,"minecraft:gold_nugget":1,"minecraft:wooden_sword":1,"minecraft:bone_meal":64,"minecraft:white_wool":1,"minecraft:gold_ingot":7,"minecraft:bone":25,"minecraft:gravel":2,"minecraft:blackstone":10,"minecraft:ancient_debris":1,"minecraft:pointed_dripstone":1,"minecraft:rotten_flesh":24,"minecraft:oak_planks":60,"minecraft:recovery_compass":1,"minecraft:charcoal":5,"minecraft:basalt":235,"minecraft:quartz":94,"minecraft:written_book":23,"minecraft:netherrack":1400,"minecraft:wheat_seeds":16,"minecraft:cobblestone":5,"minecraft:torch":36,"minecraft:iron_shovel":1,"minecraft:string":4,"minecraft:pink_petals":4,"minecraft:stone_sword":1,"minecraft:raw_iron":1,"minecraft:nether_bricks":12,"minecraft:diamond_pickaxe":1,"minecraft:andesite":2},"minecraft:killed_by":{"minecraft:wither_skeleton":6,"minecraft:creeper":5,"minecraft:blaze":2,"minecraft:zombie":2,"minecraft:player":1,"minecraft:spider":1,"minecraft:skeleton":15},"minecraft:custom":{"minecraft:animals_bred":14,"minecraft:interact_with_crafting_table":145,"minecraft:leave_game":7,"minecraft:time_since_death":39789,"minecraft:sprint_one_cm":2050970,"minecraft:damage_blocked_by_shield":3873,"minecraft:drop":161,"minecraft:talked_to_villager":6,"minecraft:play_time":692991,"minecraft:deaths":39,"minecraft:jump":10611,"minecraft:interact_with_brewingstand":9,"minecraft:walk_on_water_one_cm":27707,"minecraft:enchant_item":4,"minecraft:interact_with_furnace":206,"minecraft:sleep_in_bed":16,"minecraft:damage_dealt":26300,"minecraft:player_kills":2,"minecraft:crouch_one_cm":25730,"minecraft:interact_with_smoker":2,"minecraft:use_cauldron":5,"minecraft:horse_one_cm":22838,"minecraft:interact_with_smithing_table":2,"minecraft:interact_with_anvil":3,"minecraft:mob_kills":266,"minecraft:fill_cauldron":5,"minecraft:climb_one_cm":93024,"minecraft:walk_one_cm":2305844,"minecraft:sneak_time":11376,"minecraft:walk_under_water_one_cm":17217,"minecraft:interact_with_blast_furnace":8,"minecraft:total_world_time":692991,"minecraft:time_since_rest":39813,"minecraft:damage_taken":17921,"minecraft:damage_absorbed":40,"minecraft:swim_one_cm":33273,"minecraft:fly_one_cm":1902899,"minecraft:open_chest":554,"minecraft:fall_one_cm":280761},"minecraft:broken":{"minecraft:iron_shovel":1,"minecraft:golden_leggings":1,"minecraft:stone_pickaxe":1,"minecraft:diamond_pickaxe":1,"minecraft:iron_sword":2,"minecraft:wooden_axe":1,"minecraft:stone_sword":1,"minecraft:wooden_pickaxe":1,"minecraft:shield":1,"minecraft:iron_pickaxe":3,"minecraft:iron_helmet":1,"minecraft:golden_pickaxe":9},"minecraft:crafted":{"minecraft:oak_planks":402,"minecraft:cobblestone_slab":54,"minecraft:oak_sign":3,"minecraft:blaze_powder":14,"minecraft:cooked_chicken":48,"minecraft:bookshelf":26,"minecraft:cooked_mutton":8,"minecraft:glass":157,"minecraft:bow":1,"minecraft:iron_boots":2,"minecraft:birch_fence_gate":1,"minecraft:chest":2,"minecraft:oak_fence":72,"minecraft:cooked_rabbit":1,"minecraft:glass_bottle":24,"minecraft:arrow":36,"minecraft:cauldron":1,"minecraft:cooked_porkchop":54,"minecraft:crafting_table":4,"minecraft:wooden_pickaxe":1,"minecraft:iron_helmet":2,"minecraft:golden_pickaxe":10,"minecraft:birch_planks":136,"minecraft:diamond_pickaxe":2,"minecraft:iron_chestplate":1,"minecraft:book":72,"minecraft:paper":219,"minecraft:charcoal":35,"minecraft:golden_leggings":1,"minecraft:shield":1,"minecraft:stick":194,"minecraft:iron_ingot":84,"minecraft:iron_pickaxe":3,"minecraft:iron_block":3,"minecraft:stone_sword":3,"minecraft:snow_block":1,"minecraft:gold_ingot":49,"minecraft:wooden_sword":2,"minecraft:stone_shovel":1,"minecraft:furnace":5,"minecraft:bone_meal":198,"minecraft:iron_axe":1,"minecraft:ladder":9,"minecraft:stone_pickaxe":1,"minecraft:cooked_beef":31,"minecraft:diamond_sword":1,"minecraft:iron_sword":2,"minecraft:bucket":1,"minecraft:stone_axe":1,"minecraft:bread":19,"minecraft:air":0,"minecraft:oak_fence_gate":1,"minecraft:oak_stairs":20,"minecraft:wooden_axe":1,"minecraft:iron_shovel":1,"minecraft:iron_leggings":1,"minecraft:anvil":1,"minecraft:torch":204},"minecraft:killed":{"minecraft:spider":7,"minecraft:skeleton":11,"minecraft:chicken":52,"minecraft:skeleton_horse":1,"minecraft:magma_cube":59,"minecraft:pig":14,"minecraft:salmon":1,"minecraft:creeper":3,"minecraft:sheep":2,"minecraft:trader_llama":1,"minecraft:zombie":49,"minecraft:blaze":14,"minecraft:cow":35,"minecraft:rabbit":1,"minecraft:wither_skeleton":11,"minecraft:enderman":1},"minecraft:picked_up":{"minecraft:wheat":100,"minecraft:nether_brick_fence":1,"minecraft:lead":2,"minecraft:oak_stairs":2,"minecraft:potion":2,"minecraft:string":19,"minecraft:activator_rail":3,"minecraft:gold_nugget":486,"minecraft:cobbled_deepslate":5,"minecraft:written_book":7,"minecraft:furnace":4,"minecraft:stick":31,"minecraft:oak_fence":46,"minecraft:torch":50,"minecraft:porkchop":38,"minecraft:pointed_dripstone":1,"minecraft:cauldron":5,"minecraft:stone_sword":1,"minecraft:rotten_flesh":50,"minecraft:bookshelf":2,"minecraft:blaze_rod":6,"minecraft:snowball":120,"minecraft:cobblestone":189,"minecraft:enchanting_table":1,"minecraft:birch_log":7,"minecraft:pink_petals":4,"minecraft:feather":53,"minecraft:cooked_beef":7,"minecraft:magma_cream":4,"minecraft:andesite":4,"minecraft:golden_leggings":2,"minecraft:flint":30,"minecraft:wither_skeleton_skull":2,"minecraft:dirt":154,"minecraft:lapis_lazuli":17,"minecraft:bone":47,"minecraft:wheat_seeds":311,"minecraft:raw_gold":8,"minecraft:rabbit":1,"minecraft:oak_planks":115,"minecraft:cooked_porkchop":1,"minecraft:birch_fence_gate":1,"minecraft:sand":118,"minecraft:diamond":2,"minecraft:golden_apple":1,"minecraft:oak_sapling":32,"minecraft:netherrack":1867,"minecraft:crimson_roots":3,"minecraft:diamond_pickaxe":1,"minecraft:charcoal":5,"minecraft:crafting_table":12,"minecraft:splash_potion":1,"minecraft:chicken":52,"minecraft:ladder":2,"minecraft:chest_minecart":1,"minecraft:brown_mushroom":2,"minecraft:shield":1,"minecraft:cornflower":22,"minecraft:wooden_sword":2,"minecraft:white_carpet":1,"minecraft:iron_shovel":1,"minecraft:blackstone":32,"minecraft:beef":70,"minecraft:poppy":16,"minecraft:lectern":2,"minecraft:sugar_cane":225,"minecraft:birch_sapling":2,"minecraft:egg":15,"minecraft:raw_iron":72,"minecraft:carrot":29,"minecraft:arrow":22,"minecraft:beetroot_seeds":1,"minecraft:nether_bricks":12,"minecraft:hay_block":12,"minecraft:gold_ingot":1,"minecraft:mutton":5,"minecraft:white_wool":1,"minecraft:rail":2,"minecraft:basalt":288,"minecraft:golden_carrot":5,"minecraft:leather":46,"minecraft:red_mushroom":5,"minecraft:birch_planks":52,"minecraft:crimson_fungus":2,"minecraft:oak_log":104,"minecraft:ancient_debris":3,"minecraft:nether_wart_block":5,"minecraft:gunpowder":4,"minecraft:apple":1,"minecraft:book":15,"minecraft:pumpkin":7,"minecraft:quartz":222,"minecraft:dandelion":9,"minecraft:gravel":279,"minecraft:white_bed":4,"minecraft:spider_eye":1,"minecraft:black_wool":2,"minecraft:coal":135},"minecraft:mined":{"minecraft:white_bed":4,"minecraft:grass_block":100,"minecraft:crimson_fungus":2,"minecraft:spawner":1,"minecraft:magma_block":1,"minecraft:iron_ore":57,"minecraft:fire":57,"minecraft:pumpkin":7,"minecraft:enchanting_table":1,"minecraft:oak_stairs":2,"minecraft:brown_mushroom":3,"minecraft:blackstone":19,"minecraft:powder_snow":53,"minecraft:torch":5,"minecraft:poppy":16,"minecraft:nether_quartz_ore":180,"minecraft:sugar_cane":149,"minecraft:oak_planks":9,"minecraft:wall_torch":7,"minecraft:cauldron":6,"minecraft:birch_sapling":1,"minecraft:pink_petals":4,"minecraft:nether_wart_block":5,"minecraft:wheat":109,"minecraft:oak_log":43,"minecraft:sand":94,"minecraft:dirt":32,"minecraft:wither_skeleton_skull":1,"minecraft:ancient_debris":1,"minecraft:netherrack":1602,"minecraft:oak_leaves":102,"minecraft:deepslate":5,"minecraft:nether_gold_ore":126,"minecraft:deepslate_diamond_ore":2,"minecraft:nether_bricks":10,"minecraft:glow_lichen":1,"minecraft:birch_fence_gate":1,"minecraft:spruce_leaves":15,"minecraft:red_mushroom":5,"minecraft:hay_block":12,"minecraft:furnace":4,"minecraft:carrots":12,"minecraft:snow":7,"minecraft:andesite":1,"minecraft:bookshelf":5,"minecraft:deepslate_iron_ore":12,"minecraft:stone":183,"minecraft:white_wool":1,"minecraft:snow_block":97,"minecraft:basalt":216,"minecraft:dandelion":9,"minecraft:crafting_table":13,"minecraft:cornflower":14,"minecraft:short_grass":109,"minecraft:lectern":2,"minecraft:tall_grass":28,"minecraft:lapis_ore":3,"minecraft:birch_leaves":4,"minecraft:black_wool":3,"minecraft:coal_ore":126,"minecraft:cherry_leaves":4,"minecraft:gravel":255,"minecraft:cobweb":13,"minecraft:gold_ore":8},"minecraft:used":{"minecraft:nether_brick_fence":1,"minecraft:iron_shovel":397,"minecraft:poppy":16,"minecraft:ladder":10,"minecraft:oak_sign":3,"minecraft:chest":2,"minecraft:shield":59,"minecraft:iron_sword":454,"minecraft:carrot":12,"minecraft:milk_bucket":3,"minecraft:obsidian":1,"minecraft:glass":28,"minecraft:bow":58,"minecraft:hay_block":12,"minecraft:written_book":2,"minecraft:furnace":9,"minecraft:oak_sapling":8,"minecraft:egg":7,"minecraft:potato":8,"minecraft:wither_skeleton_skull":1,"minecraft:stone_pickaxe":131,"minecraft:oak_planks":102,"minecraft:blackstone":14,"minecraft:wooden_pickaxe":59,"minecraft:sugar_cane":21,"minecraft:golden_apple":1,"minecraft:birch_fence_gate":2,"minecraft:bread":23,"minecraft:lectern":2,"minecraft:gravel":108,"minecraft:nether_wart_block":5,"minecraft:diamond_sword":140,"minecraft:wooden_sword":32,"minecraft:cooked_rabbit":1,"minecraft:chest_minecart":1,"minecraft:bone_meal":176,"minecraft:golden_pickaxe":291,"minecraft:oak_fence":169,"minecraft:enchanting_table":1,"minecraft:stone_sword":240,"minecraft:flint_and_steel":7,"minecraft:stone_shovel":126,"minecraft:stone_hoe":5,"minecraft:cooked_chicken":37,"minecraft:netherrack":127,"minecraft:torch":170,"minecraft:dirt":137,"minecraft:anvil":1,"minecraft:golden_chestplate":1,"minecraft:oak_fence_gate":1,"minecraft:wooden_axe":56,"minecraft:bookshelf":28,"minecraft:iron_axe":47,"minecraft:oak_stairs":20,"minecraft:basalt":53,"minecraft:cooked_beef":25,"minecraft:cobbled_deepslate":4,"minecraft:wheat_seeds":113,"minecraft:cooked_mutton":8,"minecraft:water_bucket":23,"minecraft:snow_block":1,"minecraft:birch_planks":1,"minecraft:glass_bottle":5,"minecraft:cauldron":6,"minecraft:cobblestone_slab":54,"minecraft:rail":1,"minecraft:crafting_table":15,"minecraft:white_bed":3,"minecraft:oak_log":3,"minecraft:cornflower":14,"minecraft:diamond_pickaxe":1560,"minecraft:black_wool":1,"minecraft:iron_pickaxe":534,"minecraft:stone_axe":2,"minecraft:cobblestone":54,"minecraft:potion":1,"minecraft:cooked_porkchop":39,"minecraft:bucket":25,"minecraft:dandelion":9,"minecraft:splash_potion":1}},"DataVersion":3700}