{"stats":{"minecraft:custom":{"minecraft:interact_with_anvil":1,"minecraft:mob_kills":152,"minecraft:animals_bred":9,"minecraft:interact_with_crafting_table":101,"minecraft:leave_game":4,"minecraft:time_since_death":95000,"minecraft:climb_one_cm":71638,"minecraft:sprint_one_cm":1398311,"minecraft:walk_one_cm":1520908,"minecraft:damage_blocked_by_shield":3573,"minecraft:drop":63,"minecraft:talked_to_villager":6,"minecraft:play_time":470054,"minecraft:deaths":26,"minecraft:sneak_time":6305,"minecraft:walk_under_water_one_cm":16782,"minecraft:jump":8218,"minecraft:interact_with_brewingstand":2,"minecraft:interact_with_blast_furnace":6,"minecraft:walk_on_water_one_cm":27084,"minecraft:total_world_time":470054,"minecraft:interact_with_furnace":160,"minecraft:sleep_in_bed":12,"minecraft:time_since_rest":13845,"minecraft:damage_taken":11716,"minecraft:damage_dealt":16950,"minecraft:swim_one_cm":33273,"minecraft:fly_one_cm":1500992,"minecraft:player_kills":2,"minecraft:open_chest":359,"minecraft:crouch_one_cm":13582,"minecraft:interact_with_smoker":2,"minecraft:fall_one_cm":240407,"minecraft:horse_one_cm":22838},"minecraft:killed_by":{"minecraft:player":1,"minecraft:creeper":5,"minecraft:spider":1,"minecraft:skeleton":15,"minecraft:zombie":2},"minecraft:picked_up":{"minecraft:charcoal":5,"minecraft:crafting_table":3,"minecraft:wheat":91,"minecraft:lead":2,"minecraft:chicken":46,"minecraft:ladder":2,"minecraft:chest_minecart":1,"minecraft:oak_stairs":2,"minecraft:shield":1,"minecraft:cornflower":22,"minecraft:string":18,"minecraft:wooden_sword":2,"minecraft:white_carpet":1,"minecraft:iron_shovel":1,"minecraft:activator_rail":3,"minecraft:cobbled_deepslate":5,"minecraft:beef":48,"minecraft:written_book":7,"minecraft:poppy":16,"minecraft:lectern":2,"minecraft:sugar_cane":110,"minecraft:birch_sapling":2,"minecraft:furnace":3,"minecraft:egg":12,"minecraft:stick":26,"minecraft:raw_iron":72,"minecraft:oak_fence":46,"minecraft:torch":49,"minecraft:porkchop":24,"minecraft:pointed_dripstone":1,"minecraft:carrot":13,"minecraft:arrow":18,"minecraft:rotten_flesh":43,"minecraft:beetroot_seeds":1,"minecraft:hay_block":12,"minecraft:mutton":5,"minecraft:snowball":120,"minecraft:rail":2,"minecraft:white_wool":1,"minecraft:cobblestone":183,"minecraft:birch_log":7,"minecraft:enchanting_table":1,"minecraft:pink_petals":4,"minecraft:feather":43,"minecraft:cooked_beef":7,"minecraft:andesite":4,"minecraft:leather":22,"minecraft:flint":30,"minecraft:crimson_fungus":2,"minecraft:oak_log":104,"minecraft:nether_wart_block":4,"minecraft:gunpowder":4,"minecraft:lapis_lazuli":17,"minecraft:dirt":137,"minecraft:bone":27,"minecraft:apple":1,"minecraft:wheat_seeds":287,"minecraft:raw_gold":8,"minecraft:rabbit":1,"minecraft:oak_planks":49,"minecraft:book":12,"minecraft:cooked_porkchop":1,"minecraft:pumpkin":7,"minecraft:dandelion":9,"minecraft:birch_fence_gate":1,"minecraft:gravel":229,"minecraft:sand":118,"minecraft:white_bed":4,"minecraft:diamond":2,"minecraft:netherrack":1,"minecraft:oak_sapling":27,"minecraft:coal":130,"minecraft:black_wool":2},"minecraft:used":{"minecraft:oak_fence":145,"minecraft:enchanting_table":1,"minecraft:stone_sword":240,"minecraft:iron_shovel":397,"minecraft:flint_and_steel":7,"minecraft:stone_shovel":126,"minecraft:ladder":10,"minecraft:poppy":16,"minecraft:oak_sign":3,"minecraft:chest":2,"minecraft:shield":54,"minecraft:iron_sword":239,"minecraft:stone_hoe":5,"minecraft:cooked_chicken":25,"minecraft:netherrack":1,"minecraft:torch":148,"minecraft:dirt":134,"minecraft:anvil":1,"minecraft:carrot":4,"minecraft:golden_chestplate":1,"minecraft:oak_fence_gate":1,"minecraft:milk_bucket":2,"minecraft:obsidian":1,"minecraft:glass":28,"minecraft:wooden_axe":56,"minecraft:bookshelf":15,"minecraft:iron_axe":33,"minecraft:oak_stairs":20,"minecraft:bow":18,"minecraft:hay_block":12,"minecraft:written_book":2,"minecraft:oak_sapling":7,"minecraft:furnace":7,"minecraft:egg":7,"minecraft:potato":8,"minecraft:cooked_beef":8,"minecraft:cobbled_deepslate":4,"minecraft:wheat_seeds":104,"minecraft:cooked_mutton":8,"minecraft:water_bucket":18,"minecraft:snow_block":1,"minecraft:stone_pickaxe":131,"minecraft:oak_planks":102,"minecraft:wooden_pickaxe":59,"minecraft:cobblestone_slab":54,"minecraft:sugar_cane":17,"minecraft:rail":1,"minecraft:crafting_table":5,"minecraft:white_bed":3,"minecraft:oak_log":3,"minecraft:black_wool":1,"minecraft:cornflower":14,"minecraft:birch_fence_gate":2,"minecraft:bread":23,"minecraft:iron_pickaxe":210,"minecraft:lectern":2,"minecraft:gravel":60,"minecraft:stone_axe":2,"minecraft:nether_wart_block":4,"minecraft:wooden_sword":32,"minecraft:cobblestone":43,"minecraft:cooked_porkchop":21,"minecraft:cooked_rabbit":1,"minecraft:bucket":18,"minecraft:chest_minecart":1,"minecraft:dandelion":9,"minecraft:bone_meal":176},"minecraft:dropped":{"minecraft:wheat_seeds":16,"minecraft:cooked_porkchop":1,"minecraft:cobblestone":5,"minecraft:dirt":1,"minecraft:torch":36,"minecraft:cornflower":8,"minecraft:snowball":16,"minecraft:wooden_sword":1,"minecraft:gold_nugget":1,"minecraft:bone_meal":64,"minecraft:string":4,"minecraft:pink_petals":4,"minecraft:white_wool":1,"minecraft:bone":5,"minecraft:stone_sword":1,"minecraft:raw_iron":1,"minecraft:pointed_dripstone":1,"minecraft:rotten_flesh":18,"minecraft:recovery_compass":1,"minecraft:charcoal":5,"minecraft:andesite":2,"minecraft:written_book":18},"minecraft:crafted":{"minecraft:wooden_sword":2,"minecraft:oak_planks":402,"minecraft:cobblestone_slab":54,"minecraft:stone_shovel":1,"minecraft:oak_sign":3,"minecraft:cooked_chicken":41,"minecraft:furnace":4,"minecraft:bone_meal":198,"minecraft:bookshelf":15,"minecraft:cooked_mutton":8,"minecraft:glass":157,"minecraft:bow":1,"minecraft:iron_boots":1,"minecraft:iron_axe":1,"minecraft:ladder":9,"minecraft:birch_fence_gate":1,"minecraft:stone_pickaxe":1,"minecraft:chest":2,"minecraft:cooked_rabbit":1,"minecraft:oak_fence":72,"minecraft:cooked_beef":20,"minecraft:glass_bottle":24,"minecraft:arrow":12,"minecraft:cooked_porkchop":40,"minecraft:crafting_table":2,"minecraft:wooden_pickaxe":1,"minecraft:iron_helmet":1,"minecraft:iron_sword":2,"minecraft:bucket":1,"minecraft:birch_planks":28,"minecraft:stone_axe":1,"minecraft:bread":19,"minecraft:air":0,"minecraft:oak_fence_gate":1,"minecraft:iron_chestplate":1,"minecraft:charcoal":35,"minecraft:book":34,"minecraft:paper":102,"minecraft:shield":1,"minecraft:stick":170,"minecraft:iron_ingot":75,"minecraft:iron_pickaxe":2,"minecraft:oak_stairs":20,"minecraft:wooden_axe":1,"minecraft:iron_block":3,"minecraft:stone_sword":3,"minecraft:snow_block":1,"minecraft:iron_shovel":1,"minecraft:iron_leggings":1,"minecraft:anvil":1,"minecraft:torch":192},"minecraft:mined":{"minecraft:white_bed":4,"minecraft:deepslate_diamond_ore":2,"minecraft:glow_lichen":1,"minecraft:birch_fence_gate":1,"minecraft:grass_block":85,"minecraft:spruce_leaves":15,"minecraft:crimson_fungus":2,"minecraft:hay_block":12,"minecraft:furnace":3,"minecraft:carrots":4,"minecraft:iron_ore":57,"minecraft:fire":8,"minecraft:snow":7,"minecraft:andesite":1,"minecraft:pumpkin":7,"minecraft:enchanting_table":1,"minecraft:bookshelf":4,"minecraft:deepslate_iron_ore":12,"minecraft:oak_stairs":2,"minecraft:stone":177,"minecraft:white_wool":1,"minecraft:snow_block":97,"minecraft:dandelion":9,"minecraft:powder_snow":53,"minecraft:crafting_table":3,"minecraft:cornflower":14,"minecraft:torch":4,"minecraft:short_grass":108,"minecraft:poppy":16,"minecraft:lectern":2,"minecraft:tall_grass":28,"minecraft:lapis_ore":3,"minecraft:sugar_cane":62,"minecraft:oak_planks":5,"minecraft:wall_torch":7,"minecraft:pink_petals":4,"minecraft:birch_sapling":1,"minecraft:nether_wart_block":4,"minecraft:wheat":100,"minecraft:birch_leaves":4,"minecraft:black_wool":3,"minecraft:oak_log":43,"minecraft:coal_ore":126,"minecraft:cherry_leaves":4,"minecraft:gravel":252,"minecraft:sand":94,"minecraft:dirt":30,"minecraft:cobweb":13,"minecraft:netherrack":1,"minecraft:gold_ore":8,"minecraft:oak_leaves":100,"minecraft:deepslate":5},"minecraft:killed":{"minecraft:spider":6,"minecraft:skeleton":9,"minecraft:chicken":46,"minecraft:skeleton_horse":1,"minecraft:pig":11,"minecraft:salmon":1,"minecraft:rabbit":1,"minecraft:creeper":3,"minecraft:sheep":2,"minecraft:trader_llama":1,"minecraft:zombie":42,"minecraft:cow":24,"minecraft:enderman":1},"minecraft:broken":{"minecraft:iron_shovel":1,"minecraft:stone_sword":1,"minecraft:wooden_pickaxe":1,"minecraft:stone_pickaxe":1,"minecraft:shield":1,"minecraft:iron_sword":1,"minecraft:wooden_axe":1}},"DataVersion":3700}