{"stats":{"minecraft:dropped":{"minecraft:iron_sword":1,"minecraft:birch_planks":52,"minecraft:porkchop":6,"minecraft:lapis_lazuli":43,"minecraft:cooked_beef":19,"minecraft:oak_log":1,"minecraft:baked_potato":10,"minecraft:glass_bottle":2,"minecraft:ender_pearl":2,"minecraft:crafting_table":1,"minecraft:cooked_porkchop":2,"minecraft:lantern":1,"minecraft:leather":18,"minecraft:saddle":1,"minecraft:gold_block":1,"minecraft:dirt":8,"minecraft:cornflower":8,"minecraft:cooked_cod":8,"minecraft:wooden_sword":3,"minecraft:gold_nugget":4,"minecraft:bone_meal":6,"minecraft:gold_ingot":53,"minecraft:bone":9,"minecraft:gravel":3,"minecraft:blackstone":2,"minecraft:sugar_cane":8,"minecraft:ancient_debris":2,"minecraft:cobbled_deepslate":3,"minecraft:wheat":1,"minecraft:birch_sapling":4,"minecraft:rotten_flesh":25,"minecraft:oak_planks":262,"minecraft:glowstone_dust":2,"minecraft:recovery_compass":4,"minecraft:gunpowder":4,"minecraft:arrow":41,"minecraft:quartz":258,"minecraft:written_book":30,"minecraft:netherrack":394,"minecraft:egg":3,"minecraft:stone_hoe":2,"minecraft:water_bucket":1,"minecraft:golden_boots":2,"minecraft:bread":3,"minecraft:birch_leaves":1,"minecraft:wheat_seeds":140,"minecraft:bookshelf":2,"minecraft:feather":6,"minecraft:cobblestone":2,"minecraft:coal":1,"minecraft:golden_apple":1,"minecraft:stick":15,"minecraft:golden_carrot":9,"minecraft:iron_axe":1,"minecraft:iron_shovel":5,"minecraft:string":1,"minecraft:oak_trapdoor":1,"minecraft:stone_sword":1,"minecraft:blaze_rod":4,"minecraft:bowl":1,"minecraft:white_carpet":1,"minecraft:stripped_oak_log":1,"minecraft:name_tag":2,"minecraft:shears":1,"minecraft:diamond_sword":2,"minecraft:shield":2,"minecraft:diamond_pickaxe":2,"minecraft:golden_leggings":1,"minecraft:oak_sapling":5,"minecraft:bow":1,"minecraft:stone_pickaxe":1,"minecraft:raw_gold":5,"minecraft:magma_cream":24,"minecraft:magma_block":11},"minecraft:killed_by":{"minecraft:zombie_villager":1,"minecraft:wither_skeleton":1,"minecraft:piglin_brute":8,"minecraft:creeper":6,"minecraft:magma_cube":1,"minecraft:piglin":5,"minecraft:zombie":6,"minecraft:player":2,"minecraft:enderman":3,"minecraft:hoglin":1,"minecraft:skeleton":8},"minecraft:custom":{"minecraft:animals_bred":84,"minecraft:interact_with_crafting_table":113,"minecraft:open_barrel":8,"minecraft:leave_game":11,"minecraft:time_since_death":2237,"minecraft:sprint_one_cm":2131024,"minecraft:damage_blocked_by_shield":7556,"minecraft:drop":244,"minecraft:play_time":1072401,"minecraft:deaths":47,"minecraft:jump":14989,"minecraft:interact_with_brewingstand":1,"minecraft:walk_on_water_one_cm":158479,"minecraft:enchant_item":8,"minecraft:interact_with_furnace":70,"minecraft:sleep_in_bed":23,"minecraft:damage_dealt":48524,"minecraft:player_kills":5,"minecraft:crouch_one_cm":265284,"minecraft:interact_with_smoker":78,"minecraft:horse_one_cm":623498,"minecraft:interact_with_smithing_table":8,"minecraft:mob_kills":367,"minecraft:interact_with_anvil":4,"minecraft:climb_one_cm":136866,"minecraft:walk_one_cm":2672909,"minecraft:sneak_time":69876,"minecraft:walk_under_water_one_cm":133353,"minecraft:boat_one_cm":729283,"minecraft:interact_with_blast_furnace":40,"minecraft:total_world_time":1072401,"minecraft:time_since_rest":2265,"minecraft:damage_taken":26352,"minecraft:damage_absorbed":120,"minecraft:swim_one_cm":229738,"minecraft:fly_one_cm":2822814,"minecraft:open_chest":608,"minecraft:fish_caught":11,"minecraft:fall_one_cm":342948},"minecraft:broken":{"minecraft:iron_shovel":1,"minecraft:shears":2,"minecraft:iron_boots":1,"minecraft:golden_shovel":1,"minecraft:golden_leggings":1,"minecraft:stone_pickaxe":1,"minecraft:wooden_sword":1,"minecraft:stone_axe":3,"minecraft:iron_sword":1,"minecraft:golden_chestplate":2,"minecraft:stone_sword":1,"minecraft:shield":2,"minecraft:iron_axe":1,"minecraft:iron_pickaxe":1,"minecraft:iron_helmet":2},"minecraft:crafted":{"minecraft:oak_planks":1468,"minecraft:oak_sign":9,"minecraft:cooked_chicken":9,"minecraft:bookshelf":8,"minecraft:cooked_mutton":17,"minecraft:warped_planks":4,"minecraft:glass":157,"minecraft:diamond_helmet":1,"minecraft:diamond_leggings":1,"minecraft:iron_boots":2,"minecraft:chest":10,"minecraft:netherite_upgrade_smithing_template":8,"minecraft:stone_hoe":3,"minecraft:oak_fence":87,"minecraft:cooked_rabbit":1,"minecraft:golden_boots":2,"minecraft:cooked_porkchop":31,"minecraft:crafting_table":5,"minecraft:wooden_pickaxe":1,"minecraft:baked_potato":21,"minecraft:iron_helmet":2,"minecraft:smithing_table":1,"minecraft:birch_planks":100,"minecraft:diamond_pickaxe":1,"minecraft:iron_chestplate":2,"minecraft:book":22,"minecraft:paper":69,"minecraft:charcoal":2,"minecraft:shield":5,"minecraft:stick":124,"minecraft:iron_ingot":99,"minecraft:iron_pickaxe":2,"minecraft:stone_sword":1,"minecraft:gold_ingot":82,"minecraft:beetroot_soup":1,"minecraft:shears":2,"minecraft:golden_chestplate":1,"minecraft:furnace":1,"minecraft:bone_meal":57,"minecraft:oak_trapdoor":6,"minecraft:iron_axe":2,"minecraft:ladder":9,"minecraft:stone_pickaxe":5,"minecraft:diamond_boots":1,"minecraft:netherite_scrap":6,"minecraft:cooked_beef":61,"minecraft:cooked_cod":26,"minecraft:crimson_planks":124,"minecraft:diamond_sword":1,"minecraft:iron_sword":2,"minecraft:cooked_salmon":16,"minecraft:bucket":1,"minecraft:stone_axe":3,"minecraft:bread":15,"minecraft:air":0,"minecraft:oak_boat":5,"minecraft:golden_apple":4,"minecraft:oak_stairs":12,"minecraft:iron_shovel":4,"minecraft:iron_leggings":2,"minecraft:white_bed":2,"minecraft:torch":28,"minecraft:diamond_chestplate":1},"minecraft:killed":{"minecraft:zombified_piglin":2,"minecraft:witch":1,"minecraft:spider":13,"minecraft:cod":23,"minecraft:skeleton":45,"minecraft:chicken":7,"minecraft:skeleton_horse":2,"minecraft:wolf":1,"minecraft:magma_cube":20,"minecraft:piglin":1,"minecraft:pig":23,"minecraft:zombie_villager":1,"minecraft:salmon":17,"minecraft:creeper":10,"minecraft:sheep":16,"minecraft:pillager":7,"minecraft:zombie":82,"minecraft:ghast":2,"minecraft:blaze":17,"minecraft:cow":39,"minecraft:phantom":1,"minecraft:hoglin":12,"minecraft:wither_skeleton":7,"minecraft:enderman":4},"minecraft:picked_up":{"minecraft:wooden_axe":1,"minecraft:wheat":129,"minecraft:diamond_sword":2,"minecraft:oak_stairs":24,"minecraft:potion":2,"minecraft:nether_brick":9,"minecraft:crimson_planks":1,"minecraft:brewing_stand":1,"minecraft:amethyst_block":3,"minecraft:string":10,"minecraft:pufferfish":1,"minecraft:oak_sign":1,"minecraft:beetroot":6,"minecraft:gold_nugget":234,"minecraft:cobbled_deepslate":82,"minecraft:rose_bush":17,"minecraft:written_book":9,"minecraft:furnace":2,"minecraft:stick":38,"minecraft:oak_fence":110,"minecraft:torch":20,"minecraft:porkchop":68,"minecraft:golden_chestplate":1,"minecraft:rotten_flesh":79,"minecraft:blaze_rod":6,"minecraft:obsidian":14,"minecraft:cod":29,"minecraft:cobblestone":185,"minecraft:birch_log":59,"minecraft:magma_block":39,"minecraft:feather":8,"minecraft:cooked_beef":6,"minecraft:water_bucket":1,"minecraft:magma_cream":24,"minecraft:andesite":2,"minecraft:brown_wool":1,"minecraft:golden_leggings":1,"minecraft:smoker":1,"minecraft:potato":1,"minecraft:tuff":5,"minecraft:dirt":532,"minecraft:lapis_lazuli":43,"minecraft:lantern":2,"minecraft:glass":106,"minecraft:bone":72,"minecraft:bow":3,"minecraft:wheat_seeds":501,"minecraft:raw_gold":50,"minecraft:fletching_table":1,"minecraft:rabbit":1,"minecraft:glowstone_dust":73,"minecraft:oak_planks":444,"minecraft:chiseled_polished_blackstone":5,"minecraft:cooked_porkchop":1,"minecraft:sand":32,"minecraft:grass_block":2,"minecraft:spectral_arrow":28,"minecraft:diamond":68,"minecraft:cracked_polished_blackstone_bricks":1,"minecraft:crossbow":1,"minecraft:golden_apple":2,"minecraft:bone_meal":2,"minecraft:oak_sapling":63,"minecraft:netherrack":2223,"minecraft:oak_leaves":352,"minecraft:crimson_roots":11,"minecraft:diamond_pickaxe":2,"minecraft:charcoal":5,"minecraft:crafting_table":9,"minecraft:chicken":6,"minecraft:ladder":18,"minecraft:leather_leggings":1,"minecraft:brown_mushroom":2,"minecraft:gold_block":1,"minecraft:cornflower":16,"minecraft:oak_trapdoor":2,"minecraft:iron_axe":2,"minecraft:wooden_sword":3,"minecraft:flint_and_steel":2,"minecraft:netherite_scrap":6,"minecraft:white_carpet":3,"minecraft:iron_shovel":2,"minecraft:blackstone":295,"minecraft:beef":82,"minecraft:oak_boat":4,"minecraft:poppy":3,"minecraft:sugar_cane":120,"minecraft:chest":1,"minecraft:birch_sapling":8,"minecraft:egg":43,"minecraft:raw_iron":99,"minecraft:fire_charge":3,"minecraft:polished_blackstone_bricks":90,"minecraft:carrot":112,"minecraft:arrow":92,"minecraft:beetroot_seeds":18,"minecraft:nether_bricks":2,"minecraft:gold_ingot":3,"minecraft:mutton":34,"minecraft:white_wool":15,"minecraft:rail":2,"minecraft:stripped_oak_log":2,"minecraft:birch_leaves":1,"minecraft:basalt":527,"minecraft:golden_carrot":20,"minecraft:crimson_stem":31,"minecraft:salmon":19,"minecraft:leather":55,"minecraft:crimson_fungus":1,"minecraft:oak_log":655,"minecraft:ancient_debris":8,"minecraft:golden_boots":3,"minecraft:gunpowder":12,"minecraft:blue_bed":4,"minecraft:white_banner":1,"minecraft:apple":5,"minecraft:kelp":1,"minecraft:warped_stem":1,"minecraft:rabbit_hide":1,"minecraft:glass_bottle":1,"minecraft:soul_sand":16,"minecraft:iron_sword":1,"minecraft:quartz":745,"minecraft:gravel":50,"minecraft:amethyst_shard":28,"minecraft:blast_furnace":1,"minecraft:white_bed":4,"minecraft:crying_obsidian":7,"minecraft:spider_eye":2,"minecraft:black_wool":3,"minecraft:warped_nylium":1,"minecraft:coal":204,"minecraft:ender_pearl":6},"minecraft:mined":{"minecraft:large_amethyst_bud":4,"minecraft:white_bed":1,"minecraft:oak_sapling":2,"minecraft:farmland":11,"minecraft:brewing_stand":1,"minecraft:obsidian":11,"minecraft:chiseled_polished_blackstone":5,"minecraft:grass_block":314,"minecraft:cracked_polished_blackstone_bricks":11,"minecraft:soul_soil":1,"minecraft:crimson_fungus":1,"minecraft:oak_wall_sign":1,"minecraft:polished_blackstone_bricks":113,"minecraft:magma_block":20,"minecraft:glowstone":31,"minecraft:fire":77,"minecraft:iron_ore":53,"minecraft:cobbled_deepslate":13,"minecraft:fletching_table":2,"minecraft:deepslate_lapis_ore":4,"minecraft:small_amethyst_bud":3,"minecraft:oak_stairs":23,"minecraft:tripwire":1,"minecraft:brown_mushroom":1,"minecraft:blackstone":231,"minecraft:kelp_plant":2,"minecraft:crimson_nylium":58,"minecraft:smoker":1,"minecraft:amethyst_cluster":7,"minecraft:torch":8,"minecraft:blast_furnace":1,"minecraft:poppy":3,"minecraft:chest":1,"minecraft:nether_quartz_ore":720,"minecraft:glass":6,"minecraft:cobblestone":4,"minecraft:sugar_cane":64,"minecraft:oak_planks":306,"minecraft:wall_torch":6,"minecraft:amethyst_block":4,"minecraft:wheat":133,"minecraft:birch_log":19,"minecraft:oak_log":201,"minecraft:beetroots":7,"minecraft:sand":32,"minecraft:dirt":154,"minecraft:crimson_planks":1,"minecraft:ancient_debris":7,"minecraft:netherrack":4109,"minecraft:oak_leaves":545,"minecraft:deepslate":72,"minecraft:nether_gold_ore":41,"minecraft:tuff":3,"minecraft:deepslate_diamond_ore":68,"minecraft:nether_bricks":7,"minecraft:ladder":6,"minecraft:crimson_roots":5,"minecraft:kelp":1,"minecraft:crimson_stem":3,"minecraft:oak_trapdoor":3,"minecraft:furnace":2,"minecraft:carrots":33,"minecraft:andesite":2,"minecraft:gold_block":1,"minecraft:potatoes":1,"minecraft:deepslate_iron_ore":44,"minecraft:rail":2,"minecraft:lantern":2,"minecraft:stone":183,"minecraft:soul_sand":4,"minecraft:basalt":904,"minecraft:oak_fence":1,"minecraft:crafting_table":7,"minecraft:short_grass":77,"minecraft:rose_bush":21,"minecraft:tall_grass":4,"minecraft:lapis_ore":2,"minecraft:deepslate_gold_ore":47,"minecraft:blue_bed":2,"minecraft:birch_planks":1,"minecraft:white_carpet":1,"minecraft:birch_leaves":3,"minecraft:black_wool":1,"minecraft:coal_ore":199,"minecraft:gravel":2,"minecraft:cobweb":1,"minecraft:gold_ore":4},"minecraft:used":{"minecraft:iron_shovel":335,"minecraft:ladder":24,"minecraft:oak_sign":8,"minecraft:chest":11,"minecraft:shield":111,"minecraft:iron_sword":563,"minecraft:iron_chestplate":2,"minecraft:carrot":50,"minecraft:tuff":5,"minecraft:obsidian":12,"minecraft:glass":184,"minecraft:iron_helmet":3,"minecraft:bow":83,"minecraft:written_book":1,"minecraft:oak_sapling":34,"minecraft:furnace":3,"minecraft:cooked_cod":14,"minecraft:beetroot_seeds":14,"minecraft:oak_planks":1241,"minecraft:stone_pickaxe":271,"minecraft:blackstone":14,"minecraft:wooden_pickaxe":9,"minecraft:blue_bed":2,"minecraft:sugar_cane":20,"minecraft:oak_leaves":336,"minecraft:white_wool":1,"minecraft:golden_apple":3,"minecraft:sand":17,"minecraft:blast_furnace":1,"minecraft:shears":367,"minecraft:bread":20,"minecraft:string":2,"minecraft:diamond_sword":182,"minecraft:wooden_sword":69,"minecraft:smithing_table":1,"minecraft:cooked_rabbit":1,"minecraft:oak_boat":8,"minecraft:bone_meal":67,"minecraft:oak_trapdoor":5,"minecraft:oak_fence":155,"minecraft:stone_sword":142,"minecraft:flint_and_steel":3,"minecraft:cooked_salmon":16,"minecraft:stone_hoe":63,"minecraft:cooked_chicken":14,"minecraft:netherrack":438,"minecraft:torch":48,"minecraft:brewing_stand":1,"minecraft:dirt":427,"minecraft:white_carpet":1,"minecraft:golden_shovel":32,"minecraft:golden_chestplate":4,"minecraft:bookshelf":6,"minecraft:iron_axe":359,"minecraft:oak_stairs":36,"minecraft:iron_boots":4,"minecraft:crimson_planks":125,"minecraft:basalt":98,"minecraft:golden_carrot":14,"minecraft:cooked_beef":53,"minecraft:cobbled_deepslate":43,"minecraft:beetroot_soup":3,"minecraft:golden_axe":17,"minecraft:iron_leggings":3,"minecraft:wheat_seeds":155,"minecraft:cooked_mutton":17,"minecraft:water_bucket":93,"minecraft:baked_potato":11,"minecraft:fletching_table":1,"minecraft:polished_blackstone_bricks":55,"minecraft:crafting_table":10,"minecraft:white_bed":6,"minecraft:cod":3,"minecraft:warped_planks":4,"minecraft:smoker":1,"minecraft:oak_log":316,"minecraft:black_wool":3,"minecraft:diamond_pickaxe":6269,"minecraft:apple":1,"minecraft:iron_pickaxe":468,"minecraft:stone_axe":234,"minecraft:fishing_rod":14,"minecraft:cobblestone":77,"minecraft:potion":1,"minecraft:white_banner":1,"minecraft:cooked_porkchop":31,"minecraft:bucket":94}},"DataVersion":3700}