{"stats":{"minecraft:picked_up":{"minecraft:wooden_axe":1,"minecraft:wheat":85,"minecraft:oak_stairs":24,"minecraft:potion":2,"minecraft:nether_brick":9,"minecraft:brewing_stand":1,"minecraft:amethyst_block":3,"minecraft:string":10,"minecraft:pufferfish":1,"minecraft:oak_sign":1,"minecraft:beetroot":6,"minecraft:gold_nugget":57,"minecraft:cobbled_deepslate":82,"minecraft:rose_bush":17,"minecraft:written_book":7,"minecraft:furnace":2,"minecraft:stick":35,"minecraft:oak_fence":110,"minecraft:torch":20,"minecraft:porkchop":62,"minecraft:golden_chestplate":1,"minecraft:rotten_flesh":69,"minecraft:obsidian":2,"minecraft:cod":29,"minecraft:cobblestone":76,"minecraft:birch_log":46,"minecraft:feather":6,"minecraft:andesite":2,"minecraft:brown_wool":1,"minecraft:golden_leggings":1,"minecraft:smoker":1,"minecraft:potato":1,"minecraft:tuff":5,"minecraft:lantern":2,"minecraft:dirt":530,"minecraft:lapis_lazuli":43,"minecraft:glass":106,"minecraft:bone":56,"minecraft:bow":3,"minecraft:wheat_seeds":243,"minecraft:raw_gold":50,"minecraft:fletching_table":1,"minecraft:rabbit":1,"minecraft:oak_planks":382,"minecraft:chiseled_polished_blackstone":5,"minecraft:cooked_porkchop":1,"minecraft:sand":32,"minecraft:grass_block":2,"minecraft:spectral_arrow":28,"minecraft:diamond":68,"minecraft:cracked_polished_blackstone_bricks":1,"minecraft:crossbow":1,"minecraft:bone_meal":2,"minecraft:oak_sapling":63,"minecraft:netherrack":159,"minecraft:oak_leaves":352,"minecraft:crimson_roots":10,"minecraft:charcoal":5,"minecraft:crafting_table":8,"minecraft:chicken":5,"minecraft:ladder":18,"minecraft:brown_mushroom":2,"minecraft:cornflower":16,"minecraft:iron_axe":2,"minecraft:oak_trapdoor":2,"minecraft:wooden_sword":3,"minecraft:white_carpet":3,"minecraft:iron_shovel":2,"minecraft:blackstone":50,"minecraft:beef":40,"minecraft:oak_boat":4,"minecraft:poppy":3,"minecraft:sugar_cane":91,"minecraft:chest":1,"minecraft:birch_sapling":7,"minecraft:egg":18,"minecraft:raw_iron":99,"minecraft:fire_charge":3,"minecraft:polished_blackstone_bricks":90,"minecraft:carrot":59,"minecraft:arrow":65,"minecraft:beetroot_seeds":18,"minecraft:gold_ingot":2,"minecraft:mutton":34,"minecraft:white_wool":15,"minecraft:rail":2,"minecraft:stripped_oak_log":2,"minecraft:birch_leaves":1,"minecraft:basalt":1,"minecraft:salmon":19,"minecraft:leather":37,"minecraft:crimson_fungus":1,"minecraft:oak_log":604,"minecraft:golden_boots":1,"minecraft:gunpowder":8,"minecraft:blue_bed":2,"minecraft:white_banner":1,"minecraft:apple":5,"minecraft:kelp":1,"minecraft:rabbit_hide":1,"minecraft:soul_sand":16,"minecraft:quartz":62,"minecraft:gravel":47,"minecraft:amethyst_shard":28,"minecraft:blast_furnace":1,"minecraft:white_bed":1,"minecraft:crying_obsidian":7,"minecraft:spider_eye":2,"minecraft:black_wool":3,"minecraft:coal":202,"minecraft:ender_pearl":4},"minecraft:broken":{"minecraft:iron_shovel":1,"minecraft:shears":2,"minecraft:iron_boots":1,"minecraft:golden_shovel":1,"minecraft:golden_leggings":1,"minecraft:stone_pickaxe":1,"minecraft:wooden_sword":1,"minecraft:stone_axe":3,"minecraft:iron_sword":1,"minecraft:golden_chestplate":1,"minecraft:stone_sword":1,"minecraft:shield":1,"minecraft:iron_axe":1,"minecraft:iron_pickaxe":1,"minecraft:iron_helmet":1},"minecraft:crafted":{"minecraft:oak_planks":1264,"minecraft:oak_sign":9,"minecraft:cooked_chicken":9,"minecraft:cooked_mutton":17,"minecraft:glass":157,"minecraft:diamond_helmet":1,"minecraft:diamond_leggings":1,"minecraft:iron_boots":2,"minecraft:chest":10,"minecraft:netherite_upgrade_smithing_template":8,"minecraft:stone_hoe":2,"minecraft:oak_fence":87,"minecraft:cooked_rabbit":1,"minecraft:golden_boots":1,"minecraft:cooked_porkchop":31,"minecraft:crafting_table":5,"minecraft:wooden_pickaxe":1,"minecraft:baked_potato":21,"minecraft:iron_helmet":2,"minecraft:smithing_table":1,"minecraft:birch_planks":48,"minecraft:iron_chestplate":2,"minecraft:charcoal":2,"minecraft:shield":5,"minecraft:stick":112,"minecraft:iron_ingot":99,"minecraft:iron_pickaxe":2,"minecraft:stone_sword":1,"minecraft:gold_ingot":51,"minecraft:beetroot_soup":1,"minecraft:shears":2,"minecraft:golden_chestplate":1,"minecraft:furnace":1,"minecraft:bone_meal":45,"minecraft:oak_trapdoor":6,"minecraft:iron_axe":2,"minecraft:ladder":9,"minecraft:stone_pickaxe":5,"minecraft:diamond_boots":1,"minecraft:cooked_beef":40,"minecraft:cooked_cod":26,"minecraft:iron_sword":2,"minecraft:cooked_salmon":16,"minecraft:bucket":1,"minecraft:stone_axe":2,"minecraft:bread":15,"minecraft:air":0,"minecraft:oak_boat":5,"minecraft:oak_stairs":12,"minecraft:iron_shovel":4,"minecraft:iron_leggings":2,"minecraft:white_bed":2,"minecraft:torch":28,"minecraft:diamond_chestplate":1},"minecraft:used":{"minecraft:iron_shovel":335,"minecraft:ladder":24,"minecraft:oak_sign":8,"minecraft:chest":11,"minecraft:shield":92,"minecraft:iron_sword":534,"minecraft:iron_chestplate":1,"minecraft:carrot":27,"minecraft:tuff":5,"minecraft:obsidian":2,"minecraft:glass":184,"minecraft:iron_helmet":1,"minecraft:bow":5,"minecraft:written_book":1,"minecraft:furnace":3,"minecraft:oak_sapling":34,"minecraft:cooked_cod":14,"minecraft:beetroot_seeds":14,"minecraft:stone_pickaxe":271,"minecraft:oak_planks":1039,"minecraft:blackstone":2,"minecraft:wooden_pickaxe":9,"minecraft:sugar_cane":17,"minecraft:oak_leaves":336,"minecraft:white_wool":1,"minecraft:sand":17,"minecraft:blast_furnace":1,"minecraft:shears":367,"minecraft:bread":20,"minecraft:string":2,"minecraft:wooden_sword":69,"minecraft:smithing_table":1,"minecraft:cooked_rabbit":1,"minecraft:oak_boat":8,"minecraft:bone_meal":40,"minecraft:oak_trapdoor":5,"minecraft:oak_fence":155,"minecraft:stone_sword":137,"minecraft:flint_and_steel":2,"minecraft:cooked_salmon":16,"minecraft:stone_hoe":52,"minecraft:cooked_chicken":14,"minecraft:netherrack":136,"minecraft:torch":48,"minecraft:brewing_stand":1,"minecraft:dirt":425,"minecraft:white_carpet":1,"minecraft:golden_shovel":32,"minecraft:golden_chestplate":3,"minecraft:iron_axe":359,"minecraft:oak_stairs":36,"minecraft:iron_boots":1,"minecraft:basalt":1,"minecraft:cooked_beef":30,"minecraft:cobbled_deepslate":43,"minecraft:golden_axe":17,"minecraft:iron_leggings":1,"minecraft:beetroot_soup":3,"minecraft:wheat_seeds":111,"minecraft:cooked_mutton":9,"minecraft:water_bucket":93,"minecraft:baked_potato":11,"minecraft:fletching_table":1,"minecraft:polished_blackstone_bricks":55,"minecraft:crafting_table":10,"minecraft:white_bed":3,"minecraft:cod":3,"minecraft:smoker":1,"minecraft:oak_log":316,"minecraft:diamond_pickaxe":214,"minecraft:black_wool":3,"minecraft:iron_pickaxe":468,"minecraft:stone_axe":211,"minecraft:fishing_rod":14,"minecraft:cobblestone":26,"minecraft:white_banner":1,"minecraft:cooked_porkchop":24,"minecraft:bucket":94},"minecraft:custom":{"minecraft:animals_bred":45,"minecraft:interact_with_crafting_table":93,"minecraft:open_barrel":8,"minecraft:leave_game":8,"minecraft:time_since_death":24529,"minecraft:sprint_one_cm":1515223,"minecraft:damage_blocked_by_shield":6203,"minecraft:drop":177,"minecraft:play_time":802363,"minecraft:deaths":40,"minecraft:jump":11685,"minecraft:walk_on_water_one_cm":152550,"minecraft:enchant_item":4,"minecraft:interact_with_furnace":56,"minecraft:sleep_in_bed":21,"minecraft:damage_dealt":36341,"minecraft:player_kills":3,"minecraft:crouch_one_cm":179826,"minecraft:interact_with_smoker":62,"minecraft:horse_one_cm":616162,"minecraft:interact_with_smithing_table":6,"minecraft:mob_kills":262,"minecraft:climb_one_cm":106265,"minecraft:walk_one_cm":1843974,"minecraft:sneak_time":49758,"minecraft:walk_under_water_one_cm":132814,"minecraft:boat_one_cm":729283,"minecraft:interact_with_blast_furnace":33,"minecraft:total_world_time":802363,"minecraft:time_since_rest":24561,"minecraft:damage_taken":20399,"minecraft:swim_one_cm":229738,"minecraft:fly_one_cm":2216728,"minecraft:open_chest":446,"minecraft:fish_caught":11,"minecraft:fall_one_cm":283484},"minecraft:mined":{"minecraft:large_amethyst_bud":4,"minecraft:white_bed":1,"minecraft:oak_sapling":2,"minecraft:farmland":9,"minecraft:brewing_stand":1,"minecraft:chiseled_polished_blackstone":5,"minecraft:grass_block":314,"minecraft:cracked_polished_blackstone_bricks":11,"minecraft:crimson_fungus":1,"minecraft:oak_wall_sign":1,"minecraft:polished_blackstone_bricks":113,"minecraft:iron_ore":53,"minecraft:cobbled_deepslate":13,"minecraft:fletching_table":2,"minecraft:deepslate_lapis_ore":4,"minecraft:oak_stairs":23,"minecraft:small_amethyst_bud":3,"minecraft:tripwire":1,"minecraft:brown_mushroom":1,"minecraft:blackstone":15,"minecraft:crimson_nylium":53,"minecraft:kelp_plant":2,"minecraft:smoker":1,"minecraft:amethyst_cluster":7,"minecraft:torch":8,"minecraft:blast_furnace":1,"minecraft:poppy":3,"minecraft:chest":1,"minecraft:nether_quartz_ore":41,"minecraft:glass":6,"minecraft:cobblestone":2,"minecraft:sugar_cane":46,"minecraft:oak_planks":306,"minecraft:wall_torch":6,"minecraft:amethyst_block":4,"minecraft:birch_log":19,"minecraft:wheat":89,"minecraft:oak_log":201,"minecraft:beetroots":7,"minecraft:sand":32,"minecraft:dirt":154,"minecraft:netherrack":87,"minecraft:oak_leaves":532,"minecraft:deepslate":72,"minecraft:nether_gold_ore":13,"minecraft:tuff":3,"minecraft:deepslate_diamond_ore":68,"minecraft:ladder":6,"minecraft:crimson_roots":2,"minecraft:kelp":1,"minecraft:oak_trapdoor":3,"minecraft:furnace":2,"minecraft:carrots":17,"minecraft:andesite":2,"minecraft:potatoes":1,"minecraft:deepslate_iron_ore":44,"minecraft:rail":2,"minecraft:lantern":2,"minecraft:stone":73,"minecraft:basalt":6,"minecraft:oak_fence":1,"minecraft:crafting_table":7,"minecraft:short_grass":77,"minecraft:rose_bush":21,"minecraft:tall_grass":4,"minecraft:lapis_ore":2,"minecraft:deepslate_gold_ore":47,"minecraft:blue_bed":2,"minecraft:birch_planks":1,"minecraft:white_carpet":1,"minecraft:birch_leaves":3,"minecraft:black_wool":1,"minecraft:coal_ore":199,"minecraft:gravel":2,"minecraft:cobweb":1,"minecraft:gold_ore":4},"minecraft:killed_by":{"minecraft:zombie_villager":1,"minecraft:piglin_brute":8,"minecraft:creeper":6,"minecraft:piglin":4,"minecraft:zombie":6,"minecraft:player":2,"minecraft:enderman":2,"minecraft:hoglin":1,"minecraft:skeleton":8},"minecraft:killed":{"minecraft:witch":1,"minecraft:spider":12,"minecraft:cod":23,"minecraft:skeleton":40,"minecraft:chicken":7,"minecraft:skeleton_horse":2,"minecraft:wolf":1,"minecraft:pig":23,"minecraft:zombie_villager":1,"minecraft:salmon":17,"minecraft:creeper":7,"minecraft:sheep":16,"minecraft:pillager":7,"minecraft:zombie":70,"minecraft:cow":18,"minecraft:hoglin":3,"minecraft:enderman":1},"minecraft:dropped":{"minecraft:lapis_lazuli":43,"minecraft:cooked_beef":15,"minecraft:oak_log":1,"minecraft:baked_potato":10,"minecraft:crafting_table":1,"minecraft:cooked_porkchop":2,"minecraft:lantern":1,"minecraft:leather":8,"minecraft:dirt":8,"minecraft:cornflower":8,"minecraft:cooked_cod":8,"minecraft:wooden_sword":3,"minecraft:gold_nugget":4,"minecraft:gold_ingot":44,"minecraft:blackstone":2,"minecraft:sugar_cane":8,"minecraft:cobbled_deepslate":3,"minecraft:birch_sapling":4,"minecraft:wheat":1,"minecraft:rotten_flesh":23,"minecraft:oak_planks":198,"minecraft:recovery_compass":4,"minecraft:gunpowder":4,"minecraft:arrow":41,"minecraft:written_book":26,"minecraft:egg":3,"minecraft:water_bucket":1,"minecraft:stone_hoe":2,"minecraft:bread":3,"minecraft:wheat_seeds":3,"minecraft:birch_leaves":1,"minecraft:feather":6,"minecraft:stick":12,"minecraft:iron_axe":1,"minecraft:iron_shovel":5,"minecraft:string":1,"minecraft:oak_trapdoor":1,"minecraft:bowl":1,"minecraft:white_carpet":1,"minecraft:stripped_oak_log":1,"minecraft:shears":1,"minecraft:shield":2,"minecraft:oak_sapling":5,"minecraft:bow":1,"minecraft:stone_pickaxe":1,"minecraft:raw_gold":5}},"DataVersion":3700}