{"stats":{"minecraft:custom":{"minecraft:mob_kills":46,"minecraft:animals_bred":4,"minecraft:interact_with_crafting_table":19,"minecraft:leave_game":3,"minecraft:time_since_death":6349,"minecraft:climb_one_cm":39643,"minecraft:sprint_one_cm":335729,"minecraft:walk_one_cm":1119388,"minecraft:drop":26,"minecraft:play_time":247911,"minecraft:deaths":28,"minecraft:sneak_time":5310,"minecraft:walk_under_water_one_cm":11417,"minecraft:boat_one_cm":7257,"minecraft:jump":2630,"minecraft:interact_with_brewingstand":1,"minecraft:interact_with_blast_furnace":16,"minecraft:walk_on_water_one_cm":29695,"minecraft:total_world_time":247911,"minecraft:interact_with_furnace":76,"minecraft:sleep_in_bed":7,"minecraft:time_since_rest":6395,"minecraft:damage_taken":8481,"minecraft:damage_dealt":6128,"minecraft:swim_one_cm":11183,"minecraft:fly_one_cm":272678,"minecraft:open_chest":107,"minecraft:crouch_one_cm":19946,"minecraft:interact_with_smoker":2,"minecraft:fall_one_cm":54629,"minecraft:horse_one_cm":1818},"minecraft:killed_by":{"minecraft:player":2,"minecraft:creeper":3,"minecraft:skeleton":15,"minecraft:zombie":4},"minecraft:used":{"minecraft:oak_fence":49,"minecraft:iron_shovel":603,"minecraft:flint_and_steel":8,"minecraft:stone_shovel":132,"minecraft:ladder":56,"minecraft:chest":2,"minecraft:iron_sword":53,"minecraft:rotten_flesh":1,"minecraft:oak_door":3,"minecraft:iron_chestplate":1,"minecraft:torch":28,"minecraft:dirt":465,"minecraft:white_carpet":4,"minecraft:carrot":3,"minecraft:oak_fence_gate":1,"minecraft:glass":244,"minecraft:wooden_axe":44,"minecraft:iron_helmet":1,"minecraft:iron_boots":2,"minecraft:bow":38,"minecraft:written_book":1,"minecraft:furnace":1,"minecraft:cooked_cod":5,"minecraft:egg":5,"minecraft:cooked_beef":1,"minecraft:cobbled_deepslate":19,"minecraft:iron_leggings":1,"minecraft:wheat_seeds":1,"minecraft:water_bucket":37,"minecraft:stone_pickaxe":200,"minecraft:baked_potato":5,"minecraft:oak_planks":218,"minecraft:diamond_axe":59,"minecraft:oak_leaves":38,"minecraft:sand":2,"minecraft:shears":108,"minecraft:oak_log":211,"minecraft:bread":2,"minecraft:iron_pickaxe":34,"minecraft:stone_axe":129,"minecraft:diamond_sword":60,"minecraft:wooden_sword":21,"minecraft:cobblestone":44,"minecraft:cooked_porkchop":5,"minecraft:bucket":36},"minecraft:picked_up":{"minecraft:wooden_axe":8,"minecraft:iron_chestplate":13,"minecraft:crafting_table":11,"minecraft:chicken":1,"minecraft:ladder":74,"minecraft:diamond_sword":10,"minecraft:wooden_pickaxe":1,"minecraft:oak_trapdoor":6,"minecraft:string":13,"minecraft:wooden_sword":4,"minecraft:flint_and_steel":6,"minecraft:iron_leggings":13,"minecraft:white_carpet":4,"minecraft:iron_shovel":6,"minecraft:cobbled_deepslate":155,"minecraft:bucket":3,"minecraft:beef":1,"minecraft:oak_boat":1,"minecraft:cobblestone_slab":162,"minecraft:written_book":43,"minecraft:iron_pickaxe":13,"minecraft:sugar_cane":12,"minecraft:iron_boots":13,"minecraft:egg":3,"minecraft:raw_iron":146,"minecraft:stick":130,"minecraft:oak_door":6,"minecraft:oak_fence":89,"minecraft:torch":240,"minecraft:carrot":12,"minecraft:rotten_flesh":91,"minecraft:arrow":151,"minecraft:stone_shovel":1,"minecraft:cooked_cod":14,"minecraft:shears":2,"minecraft:white_wool":4,"minecraft:cobblestone":369,"minecraft:cooked_beef":1,"minecraft:water_bucket":2,"minecraft:tuff":9,"minecraft:oak_log":1284,"minecraft:gunpowder":22,"minecraft:lapis_lazuli":88,"minecraft:dirt":650,"minecraft:glass":163,"minecraft:bone":19,"minecraft:apple":2,"minecraft:bow":10,"minecraft:wheat_seeds":13,"minecraft:raw_gold":24,"minecraft:oak_fence_gate":1,"minecraft:iron_ingot":6,"minecraft:stone_pickaxe":17,"minecraft:oak_planks":1087,"minecraft:iron_sword":11,"minecraft:cooked_porkchop":3,"minecraft:sand":449,"minecraft:spider_eye":1,"minecraft:diamond":60,"minecraft:stone_axe":8,"minecraft:iron_helmet":16,"minecraft:diamond_axe":4,"minecraft:bread":2,"minecraft:baked_potato":17,"minecraft:oak_sapling":16,"minecraft:coal":243,"minecraft:oak_leaves":122},"minecraft:dropped":{"minecraft:iron_ingot":3,"minecraft:wheat_seeds":2,"minecraft:wooden_axe":1,"minecraft:string":7,"minecraft:white_wool":1,"minecraft:cobbled_deepslate":3,"minecraft:white_carpet":1,"minecraft:shears":1,"minecraft:gunpowder":4,"minecraft:oak_sapling":1,"minecraft:spider_eye":1,"minecraft:written_book":6},"minecraft:crafted":{"minecraft:oak_door":3,"minecraft:oak_planks":112,"minecraft:stone_shovel":1,"minecraft:furnace":1,"minecraft:white_carpet":3,"minecraft:glass":350,"minecraft:iron_boots":1,"minecraft:ladder":27,"minecraft:stone_pickaxe":1,"minecraft:chest":2,"minecraft:oak_fence":24,"minecraft:diamond_sword":1,"minecraft:cooked_porkchop":5,"minecraft:diamond_axe":1,"minecraft:crafting_table":1,"minecraft:iron_helmet":1,"minecraft:iron_sword":1,"minecraft:stone_axe":1,"minecraft:air":0,"minecraft:white_wool":1,"minecraft:iron_chestplate":1,"minecraft:stick":112,"minecraft:iron_ingot":32,"minecraft:iron_pickaxe":1,"minecraft:iron_leggings":1,"minecraft:torch":32},"minecraft:mined":{"minecraft:tuff":1,"minecraft:farmland":1,"minecraft:deepslate_diamond_ore":10,"minecraft:oak_door":2,"minecraft:glow_lichen":2,"minecraft:grass_block":330,"minecraft:oak_trapdoor":2,"minecraft:carrots":3,"minecraft:iron_ore":19,"minecraft:fire":5,"minecraft:cobblestone_slab":54,"minecraft:deepslate_iron_ore":20,"minecraft:oak_stairs":1,"minecraft:stone":68,"minecraft:torch":5,"minecraft:short_grass":19,"minecraft:glass":1,"minecraft:cobblestone":4,"minecraft:deepslate_gold_ore":4,"minecraft:sugar_cane":2,"minecraft:oak_planks":165,"minecraft:wall_torch":8,"minecraft:wheat":1,"minecraft:white_carpet":2,"minecraft:oak_log":40,"minecraft:coal_ore":26,"minecraft:oak_fence_gate":1,"minecraft:sand":381,"minecraft:dirt":107,"minecraft:oak_leaves":152,"minecraft:deepslate":26},"minecraft:killed":{"minecraft:spider":9,"minecraft:skeleton":12,"minecraft:chicken":1,"minecraft:creeper":7,"minecraft:zombie":13,"minecraft:cow":1},"minecraft:broken":{"minecraft:iron_shovel":2,"minecraft:stone_pickaxe":1,"minecraft:stone_axe":1,"minecraft:stone_shovel":1}},"DataVersion":3700}