{"stats":{"minecraft:killed_by":{"minecraft:player":2,"minecraft:wither_skeleton":16,"minecraft:creeper":4,"minecraft:hoglin":4,"minecraft:skeleton":19,"minecraft:zombie":6},"minecraft:killed":{"minecraft:spider":13,"minecraft:skeleton":21,"minecraft:chicken":3,"minecraft:magma_cube":35,"minecraft:pig":5,"minecraft:zombie_villager":1,"minecraft:hoglin":4,"minecraft:creeper":8,"minecraft:zombie":30,"minecraft:wither_skeleton":7,"minecraft:blaze":16,"minecraft:cow":2},"minecraft:used":{"minecraft:oak_fence":49,"minecraft:iron_shovel":609,"minecraft:flint_and_steel":8,"minecraft:stone_shovel":132,"minecraft:ladder":56,"minecraft:chest":4,"minecraft:iron_sword":132,"minecraft:netherrack":90,"minecraft:cooked_chicken":3,"minecraft:rotten_flesh":1,"minecraft:oak_door":3,"minecraft:iron_chestplate":1,"minecraft:torch":56,"minecraft:dirt":466,"minecraft:white_carpet":4,"minecraft:nether_bricks":12,"minecraft:carrot":37,"minecraft:golden_chestplate":1,"minecraft:snowball":16,"minecraft:oak_fence_gate":1,"minecraft:shroomlight":3,"minecraft:glass":244,"minecraft:wooden_axe":44,"minecraft:iron_helmet":1,"minecraft:iron_boots":2,"minecraft:basalt":4,"minecraft:bow":127,"minecraft:written_book":1,"minecraft:furnace":1,"minecraft:cooked_cod":8,"minecraft:egg":24,"minecraft:cooked_beef":16,"minecraft:cobbled_deepslate":19,"minecraft:iron_leggings":1,"minecraft:crimson_stem":7,"minecraft:golden_boots":2,"minecraft:wheat_seeds":21,"minecraft:water_bucket":48,"minecraft:baked_potato":5,"minecraft:stone_pickaxe":223,"minecraft:oak_planks":218,"minecraft:cobblestone_slab":8,"minecraft:diamond_axe":94,"minecraft:oak_leaves":38,"minecraft:sand":2,"minecraft:shears":108,"minecraft:oak_log":211,"minecraft:bread":2,"minecraft:iron_pickaxe":415,"minecraft:stone_axe":129,"minecraft:nether_wart_block":7,"minecraft:diamond_sword":159,"minecraft:wooden_sword":21,"minecraft:cobblestone":55,"minecraft:cooked_porkchop":7,"minecraft:bucket":48,"minecraft:chest_minecart":1,"minecraft:golden_pickaxe":32},"minecraft:broken":{"minecraft:iron_shovel":2,"minecraft:golden_boots":1,"minecraft:stone_pickaxe":1,"minecraft:stone_axe":1,"minecraft:iron_pickaxe":1,"minecraft:iron_helmet":1,"minecraft:golden_pickaxe":1,"minecraft:stone_shovel":1},"minecraft:crafted":{"minecraft:oak_door":3,"minecraft:oak_planks":368,"minecraft:stone_shovel":1,"minecraft:cooked_chicken":3,"minecraft:furnace":1,"minecraft:white_carpet":3,"minecraft:glass":350,"minecraft:iron_boots":1,"minecraft:ladder":27,"minecraft:stone_pickaxe":1,"minecraft:chest":4,"minecraft:oak_fence":24,"minecraft:golden_boots":2,"minecraft:cooked_beef":22,"minecraft:diamond_sword":1,"minecraft:arrow":104,"minecraft:cooked_porkchop":26,"minecraft:diamond_axe":1,"minecraft:crafting_table":1,"minecraft:iron_helmet":2,"minecraft:iron_sword":2,"minecraft:stone_axe":1,"minecraft:air":0,"minecraft:white_wool":1,"minecraft:iron_chestplate":1,"minecraft:stick":240,"minecraft:iron_ingot":32,"minecraft:iron_pickaxe":2,"minecraft:gold_ingot":3,"minecraft:iron_leggings":1,"minecraft:torch":72},"minecraft:mined":{"minecraft:nether_gold_ore":6,"minecraft:tuff":1,"minecraft:farmland":1,"minecraft:deepslate_diamond_ore":10,"minecraft:oak_door":2,"minecraft:granite":2,"minecraft:nether_bricks":8,"minecraft:glow_lichen":2,"minecraft:grass_block":330,"minecraft:crimson_roots":3,"minecraft:crimson_stem":26,"minecraft:large_fern":1,"minecraft:weeping_vines_plant":2,"minecraft:oak_trapdoor":2,"minecraft:glowstone":14,"minecraft:carrots":16,"minecraft:iron_ore":52,"minecraft:fire":10,"minecraft:rail":1,"minecraft:shroomlight":15,"minecraft:deepslate_iron_ore":20,"minecraft:cobblestone_slab":55,"minecraft:oak_stairs":1,"minecraft:stone":105,"minecraft:blackstone":4,"minecraft:crimson_nylium":9,"minecraft:basalt":53,"minecraft:torch":11,"minecraft:short_grass":20,"minecraft:tall_grass":1,"minecraft:nether_quartz_ore":33,"minecraft:glass":1,"minecraft:cobblestone":6,"minecraft:deepslate_gold_ore":4,"minecraft:sugar_cane":2,"minecraft:oak_planks":165,"minecraft:diorite":1,"minecraft:wall_torch":15,"minecraft:nether_wart_block":12,"minecraft:wheat":21,"minecraft:white_carpet":2,"minecraft:warped_fungus":1,"minecraft:oak_log":40,"minecraft:coal_ore":128,"minecraft:oak_fence_gate":1,"minecraft:sand":381,"minecraft:dirt":111,"minecraft:netherrack":106,"minecraft:oak_leaves":152,"minecraft:deepslate":26},"minecraft:dropped":{"minecraft:golden_boots":2,"minecraft:iron_ingot":3,"minecraft:iron_sword":1,"minecraft:warped_fungus":2,"minecraft:wheat_seeds":67,"minecraft:cooked_beef":8,"minecraft:weeping_vines":8,"minecraft:activator_rail":5,"minecraft:rail":1,"minecraft:dirt":49,"minecraft:nether_wart_block":5,"minecraft:crimson_roots":20,"minecraft:wooden_axe":1,"minecraft:iron_pickaxe":1,"minecraft:string":11,"minecraft:white_wool":1,"minecraft:bone":4,"minecraft:blackstone":7,"minecraft:stone_sword":2,"minecraft:cobbled_deepslate":3,"minecraft:white_carpet":1,"minecraft:recovery_compass":7,"minecraft:shears":1,"minecraft:diamond_sword":1,"minecraft:cobblestone_slab":46,"minecraft:gunpowder":4,"minecraft:oak_sapling":4,"minecraft:spider_eye":2,"minecraft:basalt":79,"minecraft:bow":1,"minecraft:stone_pickaxe":1,"minecraft:written_book":15,"minecraft:netherrack":24},"minecraft:custom":{"minecraft:interact_with_anvil":1,"minecraft:mob_kills":153,"minecraft:animals_bred":27,"minecraft:interact_with_crafting_table":29,"minecraft:open_barrel":4,"minecraft:leave_game":4,"minecraft:time_since_death":1707,"minecraft:climb_one_cm":56232,"minecraft:sprint_one_cm":788583,"minecraft:walk_one_cm":1781384,"minecraft:drop":190,"minecraft:play_time":435149,"minecraft:deaths":57,"minecraft:sneak_time":9220,"minecraft:walk_under_water_one_cm":29327,"minecraft:boat_one_cm":7257,"minecraft:jump":4519,"minecraft:interact_with_brewingstand":3,"minecraft:interact_with_blast_furnace":20,"minecraft:walk_on_water_one_cm":52205,"minecraft:total_world_time":435149,"minecraft:interact_with_furnace":109,"minecraft:sleep_in_bed":10,"minecraft:time_since_rest":1735,"minecraft:damage_taken":19254,"minecraft:damage_dealt":16252,"minecraft:swim_one_cm":17760,"minecraft:fly_one_cm":591690,"minecraft:open_chest":217,"minecraft:crouch_one_cm":30740,"minecraft:interact_with_smoker":10,"minecraft:fall_one_cm":104013,"minecraft:horse_one_cm":2158},"minecraft:picked_up":{"minecraft:wooden_axe":8,"minecraft:crafting_table":18,"minecraft:iron_chestplate":20,"minecraft:wheat":19,"minecraft:chest_minecart":1,"minecraft:chicken":2,"minecraft:ladder":74,"minecraft:golden_pickaxe":1,"minecraft:diamond_sword":16,"minecraft:wooden_pickaxe":1,"minecraft:enchanted_book":1,"minecraft:oak_trapdoor":6,"minecraft:string":57,"minecraft:wooden_sword":4,"minecraft:flint_and_steel":6,"minecraft:iron_leggings":27,"minecraft:white_carpet":4,"minecraft:iron_shovel":20,"minecraft:blackstone":14,"minecraft:shroomlight":98,"minecraft:activator_rail":5,"minecraft:gold_nugget":229,"minecraft:cobbled_deepslate":157,"minecraft:bucket":3,"minecraft:beef":41,"minecraft:oak_boat":2,"minecraft:cobblestone_slab":424,"minecraft:written_book":83,"minecraft:iron_pickaxe":24,"minecraft:sugar_cane":12,"minecraft:iron_boots":20,"minecraft:egg":8,"minecraft:stick":649,"minecraft:raw_iron":405,"minecraft:oak_door":6,"minecraft:oak_fence":89,"minecraft:torch":704,"minecraft:porkchop":66,"minecraft:diorite":4,"minecraft:carrot":87,"minecraft:golden_chestplate":9,"minecraft:cauldron":2,"minecraft:stone_sword":3,"minecraft:weeping_vines":14,"minecraft:rotten_flesh":98,"minecraft:arrow":531,"minecraft:stone_shovel":1,"minecraft:cooked_cod":14,"minecraft:nether_bricks":37,"minecraft:shears":2,"minecraft:blaze_rod":36,"minecraft:rail":7,"minecraft:snowball":128,"minecraft:white_wool":4,"minecraft:cobblestone":832,"minecraft:feather":56,"minecraft:basalt":149,"minecraft:cooked_beef":98,"minecraft:magma_cream":10,"minecraft:crimson_stem":166,"minecraft:water_bucket":16,"minecraft:andesite":2,"minecraft:leather":40,"minecraft:flint":26,"minecraft:tuff":9,"minecraft:oak_log":1648,"minecraft:golden_boots":12,"minecraft:nether_wart_block":16,"minecraft:gunpowder":22,"minecraft:lapis_lazuli":88,"minecraft:dirt":808,"minecraft:name_tag":2,"minecraft:glass":163,"minecraft:bone":75,"minecraft:apple":2,"minecraft:bow":32,"minecraft:wheat_seeds":141,"minecraft:raw_gold":24,"minecraft:stone_pickaxe":19,"minecraft:iron_ingot":6,"minecraft:oak_fence_gate":1,"minecraft:glass_bottle":21,"minecraft:glowstone_dust":230,"minecraft:iron_sword":22,"minecraft:oak_planks":1157,"minecraft:warped_fungus":7,"minecraft:cooked_porkchop":142,"minecraft:quartz":264,"minecraft:gravel":169,"minecraft:sand":449,"minecraft:white_bed":3,"minecraft:spider_eye":2,"minecraft:diamond":60,"minecraft:stone_axe":8,"minecraft:granite":10,"minecraft:iron_helmet":23,"minecraft:diamond_axe":18,"minecraft:bread":2,"minecraft:baked_potato":17,"minecraft:oak_sapling":19,"minecraft:netherrack":361,"minecraft:coal":1410,"minecraft:oak_leaves":122,"minecraft:crimson_roots":24}},"DataVersion":3700}